breed_slug,name,type,website_url,contact_method,contact_value,email_confidence,already_contacted,note,date_added,status
agouti-husky,Siberian Husky Genetics,blog,https://www.siberianhuskygenetics.com/siberian-coat-colors-and-examples,none,,,no,coat-color reference incl. agouti — strong quote/link target,2026-07-15,new
agouti-husky,Southern Siberian Life,blog,https://southernsiberianlife.com/about-us/,none,,,yes,"husky owner blog, surfaced in agouti search",2026-07-15,new
agouti-husky,Arcticsun Siberians,breeder,https://arcticsun.tripod.com/aboutus.html,none,,,no,Canadian; works agouti gene into show/dual lines,2026-07-15,new
agouti-husky,Burnsberg Kennels,breeder,https://www.burnsbergkennels.com/,none,,,no,MI kennel; agouti litters per snippet,2026-07-15,new
agouti-husky,Evereve Kennels,breeder,https://www.everevekennels.com/,none,,,no,Cedarville OH; specializes in agouti lines per search snippet,2026-07-15,new
agouti-husky,Halo Huskies,breeder,https://www.halohuskies.com/agouti-siberian-husky-puppies,none,,,yes,breeder with dedicated agouti pages,2026-07-15,new
agouti-husky,Husky Palace,breeder,https://huskypalace.com/agouti-husky-breeder/,none,,,no,"AKC Bred-with-Heart breeder, dedicated agouti page",2026-07-15,new
agouti-husky,Skyfall Siberians,breeder,https://skyfallsiberians.wixsite.com/skyfallsiberians,none,,,no,"husky breeder, surfaced in agouti FB search",2026-07-15,new
agouti-husky,BubblyPet — Agouti Husky ultimate guide,media,https://www.bubblypet.com/agouti-husky/,none,,,no,agouti guide article,2026-07-15,new
agouti-husky,Dog Academy — Agouti Husky guide,media,https://dogacademy.org/breeds/agouti-husky,none,,,no,dedicated agouti guide page,2026-07-15,new
agouti-husky,Dogs Academy — Agouti Siberian Husky guide,media,https://dogsacademy.org/agouti-husky/,none,,,no,separate site from dogacademy.org,2026-07-15,new
agouti-husky,Poodle Guru — Agouti Husky care,media,https://poodleguru.com/agouti-husky/,none,,,no,multi-breed blog with agouti husky guide,2026-07-15,new
agouti-husky,SpiritDog Training — Agouti Husky profile,media,https://spiritdogtraining.com/breeds/agouti-husky/,none,,,no,dedicated agouti breed profile,2026-07-15,new
agouti-husky,The Pets Magazine — Agouti Husky,media,https://thepetsmagazine.com/dogs/agouti-husky/,none,,,no,agouti guide article,2026-07-15,new
american-bully,American Bully Lover,blog,https://americanbullylover.com/,none,https://americanbullylover.com/,,yes,AB puppy-care blog,2026-07-15,new
american-bully,American Bully Pedia,blog,https://americanbullypedia.com/,none,https://americanbullypedia.com/,,no,Educational AB resource for owners/breeders,2026-07-15,new
american-bully,The American Bully Breed,blog,https://www.theamericanbullybreed.com/,none,https://www.theamericanbullybreed.com/,,no,Health & care guide site for AB owners,2026-07-15,new
american-bully,Bully West Kennels,breeder,https://bullywestkennels.com/,none,https://bullywestkennels.com/,,no,"Pocket AB breeder, northern Utah",2026-07-15,new
american-bully,Elite Bully Kennels,breeder,https://elitebullykennels.com/,none,https://elitebullykennels.com/,,no,"Pocket/standard show bullies, FL Gulf Coast",2026-07-15,new
american-bully,Jackson Bully Kennel Club,breeder,https://jacksonbully.com/,none,https://jacksonbully.com/,,no,"Family pocket/micro breeder, El Paso TX",2026-07-15,new
american-bully,King Built Bullies,breeder,https://kingbuiltbullies.com/,none,https://kingbuiltbullies.com/,,no,Breeder with AB care-guide content,2026-07-15,new
american-bully,Southeast Bully Kennels,breeder,https://southeastbullykennels.com/,email,SoutheastBullyKennels@gmail.com,med,no,Micro/pocket bullies near Charlotte NC; 25+ champions bloodline,2026-07-15,new
american-bully,Venomline Bullies,breeder,https://venomlinebullies.com/,email,texassizebullies@gmail.com,med,yes,Top pocket-bully program (FL); runs big AB blog hub; contact page /pages/contact,2026-07-15,new
american-bully,American Bully Association,club,https://americanbullyassociation.com/,none,https://americanbullyassociation.com/,,no,Registry for all bully breeds,2026-07-15,new
american-bully,American Bully Kennel Club (ABKC),club,https://abkcdogs.net/,email,theabkc@gmail.com,med,no,The original AB registry (2004); contact page at abkcdogs.net/contact/,2026-07-15,new
american-bully,European Bully Kennel Club (EBKC),club,https://ebkc.org/,none,https://ebkc.org/,,no,Worldwide bull-breed pedigree registry since 2008 (English site),2026-07-15,new
american-bully,International Bully Kennel Club (IBKC),club,https://ibkcregistry.com/,form,https://ibkcregistry.com/contact-us/,,no,Bully breed registry,2026-07-15,new
american-bully,The OBKC,club,https://www.theobkc.com/,none,https://www.theobkc.com/,,no,Bully registry,2026-07-15,new
american-bully,AmericanBully.com,media,https://americanbully.com/blogs/news/the-american-bully-community-resources-organizations-and-online-forums-1,none,https://americanbully.com/,,no,Breed-domain site with community-resources blog,2026-07-15,new
american-bully,BULLY KING Magazine,media,https://www.bullykingmagazine.com/,email,Info@bullykingmagazine.com,med,no,#1 bully-breed lifestyle magazine; alt email bullykingmag@gmail.com also seen in snippet,2026-07-15,new
american-bully,Bully Events,media,https://www.bullyevents.com/,none,https://www.bullyevents.com/,,no,Bully show/event listings + ownership blog,2026-07-15,new
american-bully,BullyPedia,other,https://www.bullypedia.net/americanbully/details.php,none,https://www.bullypedia.net/,,no,"Free AB pedigree database, community hub",2026-07-15,new
american-bully,Chicagoland Bully Breed Rescue,rescue,http://www.cbbr.org/,none,http://www.cbbr.org/,,no,35-year bully-breed rescue (incl. AB/pit types),2026-07-15,new
american-bully,New York Bully Crew,rescue,https://www.nybullycrew.org/,none,https://www.nybullycrew.org/,,no,"High-profile bully-breed rescue, NY",2026-07-15,new
australian-labradoodle,Heritage Manor Labradoodles,blog,https://www.heritagemanorlabradoodles.com/blog,none,https://www.heritagemanorlabradoodles.com/,,yes,Ohio ALD breeder blog,2026-07-15,new
australian-labradoodle,Hidden Springs Labradoodles,blog,https://hiddenspringslabradoodles.com/blog/australian-labradoodle/,none,https://hiddenspringslabradoodles.com/,,no,"Breeder blog with ""5 things to know"" style content",2026-07-15,new
australian-labradoodle,Red Desert Doodles,blog,https://reddesertdoodles.com/blog/,none,https://reddesertdoodles.com/,,no,Breeder with lively behind-the-scenes blog,2026-07-15,new
australian-labradoodle,Royal Australian Labradoodles,blog,https://royalaustralianlabradoodles.com/blog/,none,https://royalaustralianlabradoodles.com/,,yes,"Breeder blog: health, food, training, grooming",2026-07-15,new
australian-labradoodle,Snooze and Sniff,blog,https://snoozeandsniff.com/blog/,none,https://snoozeandsniff.com/,,yes,ALD-focused blog by breeder Alina Varga; in-depth breed profiles,2026-07-15,new
australian-labradoodle,Sugar Pine Doodles,blog,https://www.sugarpinedoodles.net/blog/,none,https://www.sugarpinedoodles.net/,,no,"CA in-home breeder with owner-style blog (""A Day in Kona's Life"")",2026-07-15,new
australian-labradoodle,Churchills Australian Labradoodles,breeder,https://www.churchillsaustralianlabradoodles.co.uk/,none,https://www.churchillsaustralianlabradoodles.co.uk/,,no,Licensed Essex UK breeder,2026-07-15,new
australian-labradoodle,Didgeridoodles,breeder,https://www.didgeridoodles.com/,none,https://www.didgeridoodles.com/,,no,Woburn/Milton Keynes UK breeder,2026-07-15,new
australian-labradoodle,Lily Hill Australian Labradoodles,breeder,https://www.lilyhilldoodles.com/,none,https://www.lilyhilldoodles.com/,,no,Berkshire UK breeder; IG @lilyhillald,2026-07-15,new
australian-labradoodle,Minton Manor Labradoodles,breeder,https://www.mintonmanorlabradoodles.com/,none,https://www.mintonmanorlabradoodles.com/,,no,Australian Labradoodle puppies,2026-07-15,new
australian-labradoodle,Northbound Australian Labradoodles,breeder,https://www.northboundaustralianlabradoodles.com/,none,https://www.northboundaustralianlabradoodles.com/,,yes,"UK breeder since 2012; has ""Living with an ALD"" editorial section — good content-collab angle",2026-07-15,new
australian-labradoodle,Regency Reds,breeder,https://www.regencyreds.com/,none,https://www.regencyreds.com/,,no,Kent UK breeder,2026-07-15,new
australian-labradoodle,Ripley's Labradoodles,breeder,https://www.ripleysaustralianlabradoodles.co.uk/,none,https://www.ripleysaustralianlabradoodles.co.uk/,,no,"Small family home breeder, Surrey/Hampshire border",2026-07-15,new
australian-labradoodle,Tora's Australian Labradoodles,breeder,https://www.australian-labradoodles.co.uk/,none,https://www.australian-labradoodles.co.uk/,,no,"Scotland, family-run ~20 yrs; IG @toralabradoodles",2026-07-15,new
australian-labradoodle,Australian Labradoodle Association (Australia),club,https://australianlabradoodleassoc.org.au/,none,https://australianlabradoodleassoc.org.au/,,no,"Original breed association, promoting the breed since 1998",2026-07-15,new
australian-labradoodle,Australian Labradoodle Association UK (ALAUK),club,https://australianlabradoodleassociation.co.uk/,none,https://australianlabradoodleassociation.co.uk/,,no,UK association with approved-breeder register,2026-07-15,new
australian-labradoodle,Australian Labradoodle Association of America (ALAA),club,https://alaa-labradoodles.com/,email,Secretary@alaa-labradoodles.com,med,no,Main US registry since 2004; also Registrar@/om@ addresses seen,2026-07-15,new
australian-labradoodle,Australian Labradoodle Club of America (ALCA),club,https://australianlabradoodleclub.com/,email,AustralianLabradoodleClub@gmail.com,med,no,"""Parent Club"" in America; contact page australianlabradoodleclub.com/contact/",2026-07-15,new
australian-labradoodle,UK Australian Labradoodle Club (UKALC),club,https://www.ukalc.com/,none,https://www.ukalc.com/,,no,Second UK club,2026-07-15,new
australian-labradoodle,Worldwide Australian Labradoodle Association (WALA),club,https://www.walalabradoodles.org/,email,customerservice@walalabradoodles.org,med,no,"International assoc., members in 30 countries; contact page /contact-wala",2026-07-15,new
belgian-malinois,Belgian Malinois Blog,blog,https://malinoisblog.blogspot.com/,none,https://malinoisblog.blogspot.com/,,no,Owner blog on Blogspot — check freshness before outreach,2026-07-15,new
belgian-malinois,Dog Academic (Malinois guide),blog,https://dogacademic.com/belgian-malinois/,none,https://dogacademic.com/belgian-malinois/,,no,Breed-care content site,2026-07-15,new
belgian-malinois,Battle Road K9,breeder,https://battleroadk9.com/index.html,none,https://battleroadk9.com/index.html,,no,"Ex-law-enforcement breeder, KNPV lines",2026-07-15,new
belgian-malinois,Chien Policier Belgian Malinois,breeder,https://www.europeanbelgianmalinois.com/,none,https://www.europeanbelgianmalinois.com/,,no,"NC breeder, 30+ yrs",2026-07-15,new
belgian-malinois,Holzerland K9,breeder,https://holzerlandk9.com/,none,https://holzerlandk9.com/,,no,Protection/service-dog breeder,2026-07-15,new
belgian-malinois,KSDK Malinois,breeder,https://www.ksdkmalinois.com/,none,https://www.ksdkmalinois.com/,,yes,Working-line AKC breeder,2026-07-15,new
belgian-malinois,MikLin Kennels,breeder,https://miklinkennels.com/,none,https://miklinkennels.com/,,no,"Small family breeder, Mals + working GSDs",2026-07-15,new
belgian-malinois,Ot Vitosha Malinois (Ivan Balabanov),breeder,https://www.malinois.com/,none,https://www.malinois.com/,,no,"2x world champion trainer, famous in the breed; premium domain",2026-07-15,new
belgian-malinois,Ruidoso Malinois,breeder,https://ruidosomalinois.com/,none,https://ruidosomalinois.com/,,no,Protection/police-dog breeder-trainer,2026-07-15,new
belgian-malinois,American Belgian Malinois Club (ABMC),club,https://www.malinoisclub.com/abmc/,email,monique@buzzarte.org,high,no,AKC parent club; email seen on contact-us page; maintains breeder referral list,2026-07-15,new
belgian-malinois,American Working Malinois Association,club,https://workingmalinois.org/,none,https://workingmalinois.org/clubs,,no,IGP/working-sport club network,2026-07-15,new
belgian-malinois,Amherst Working Dog Club,club,https://amherstwdc.wixsite.com/awdc,none,,,no,Amherst NY; phone (716) 471-4622 on AWMA directory (email obfuscated),2026-07-15,new
belgian-malinois,Arizona Malinois Club,club,https://eastvalleyworkingdogclub.com,none,,,no,Gilbert AZ; phone (480) 492-4199,2026-07-15,new
belgian-malinois,Big Sky Working Dogs,club,https://bigskyschutzhund.com,none,,,no,Whitehall MT; phone (406) 490-3364,2026-07-15,new
belgian-malinois,Cascade Schutzhund Club,club,https://csc-awma.sportpaws.com,none,,,no,Rochester WA,2026-07-15,new
belgian-malinois,Controlled Chaos Working Dog Club,club,https://ccwdc.sportpaws.com,none,,,no,Crawfordsville IN; phone (317) 650-4616,2026-07-15,new
belgian-malinois,American Belgian Malinois Rescue,rescue,https://www.malinoisrescue.org/,email,info@malinoisrescue.org,high,no,National 501c3 (except west coast); also abmr.rescue@gmail.com,2026-07-15,new
belgian-malinois,Malinois Rescue League,rescue,https://www.malinoisrescueleague.org/,email,adoptions@malinoisrescueleague.org,high,no,Rescues Mals in USA + Canada,2026-07-15,new
belgian-malinois,Malinois and Dutch Shepherd Rescue (MAD),rescue,https://www.madrescueinc.org/,none,https://www.madrescueinc.org/,,no,"MI-based 501c3, Mals + Dutchies",2026-07-15,new
belgian-malinois,Texas Malinois Alliance,rescue,https://www.txmalinoisalliance.com/,none,https://www.txmalinoisalliance.com/,,no,TX 501c3 for Belgian Shepherd dogs,2026-07-15,new
belgian-malinois,Woof Project,rescue,https://www.woofproject.org/,none,https://www.woofproject.org/,,no,Mal/Dutch/working-breed rescue US+Canada,2026-07-15,new
bernedoodle,Arin Solange at Home,blog,https://arinsolangeathome.com/our-bernedoodle/,none,https://arinsolangeathome.com/our-bernedoodle/,,no,"Lifestyle blogger; personal ""what it's like to own a bernedoodle"" post, dog Penny",2026-07-15,new
bernedoodle,Bernedoodle.do,blog,https://www.bernedoodledo.com/blog,none,https://www.bernedoodledo.com/,,no,"Owner-education site, donates proceeds to nonprofits; has FB page too",2026-07-15,new
bernedoodle,BernedoodleBreed.com,blog,https://bernedoodlebreed.com/blog/,none,https://bernedoodlebreed.com/blog/,,no,Pure content blog on bernedoodle behavior/care,2026-07-15,new
bernedoodle,Designer Bernedoodles,blog,https://www.designerbernedoodles.com/bernedoodle-blog,email,Designerbernedoodles@gmail.com,high,no,Breeder blog on temperament/coat care/puppy picking,2026-07-15,new
bernedoodle,Alpine Bernedoodles,breeder,https://www.alpinebernedoodles.com/dog-blog/,none,https://www.alpinebernedoodles.com/dog-blog/,,yes,Colorado breeder with active blog; site blocked automated fetch (403),2026-07-15,new
bernedoodle,Bernedoodle Boutique,breeder,https://www.bernedoodleboutique.com/,none,https://www.bernedoodleboutique.com/,,no,Wisconsin breeder,2026-07-15,new
bernedoodle,Bluegrass Bernedoodles,breeder,https://www.bluegrassbernedoodles.com/bernedoodle-blog,none,https://www.bluegrassbernedoodles.com/,,no,"KY breeder, blog covers breed + training topics",2026-07-15,new
bernedoodle,Down Home Doodle,breeder,https://www.downhomedoodle.com/blog,none,https://www.downhomedoodle.com/blog,,no,"Samantha Nelson, breeder+trainer 14yrs, 106K IG audience",2026-07-15,new
bernedoodle,HC Bernedoodles,breeder,https://www.hcbernedoodles.com/,none,https://www.hcbernedoodles.com/,,no,"Missouri breeder, OFA health-testing angle",2026-07-15,new
bernedoodle,High Desert Family Doodles,breeder,https://highdesertfamilydoodles.com/breeders-blog,none,https://highdesertfamilydoodles.com/breeders-blog,,no,"Goldendoodle+bernedoodle breeder blog (Feedspot-listed, DA 10)",2026-07-15,new
bernedoodle,LK Bernedoodles,breeder,https://www.lkbernedoodles.com/,none,https://www.lkbernedoodles.com/,,no,Oregon (Eugene) breeder,2026-07-15,new
bernedoodle,Namaste Bernedoodles,breeder,https://namastepoodles.com/,none,https://namastepoodles.com/,,no,Texas mini bernedoodle breeder,2026-07-15,new
bernedoodle,Orchard Valley Doodles,breeder,https://orchardvalleydoodles.com/,none,https://orchardvalleydoodles.com/,,no,Standard + mini multigen bernedoodles,2026-07-15,new
bernedoodle,Quail Ridge Poodles & Doodles,breeder,https://quailridgepoodlesanddoodles.com/blog/10-facts-every-first-time-mini-bernedoodle-owner-should-know,none,https://quailridgepoodlesanddoodles.com/,,no,"Southern Maryland family breeder, first-time-owner content",2026-07-15,new
bernedoodle,Rocky Mountain Bernedoodles,breeder,https://www.bernedoodlebreeder.com/,none,https://www.bernedoodlebreeder.com/,,no,One of first US bernedoodle breeders; owns exact-match domain; also on FB,2026-07-15,new
bernedoodle,Rocky Road Doodles,breeder,https://rockyroaddoodles.com/,none,https://rockyroaddoodles.com/,,no,"Utah breeder, ships nationwide",2026-07-15,new
bernedoodle,Shady Oak Doodles,breeder,https://shadyoakdoodles.com/,none,https://shadyoakdoodles.com/,,no,"San Diego, breeding bernedoodles since 2013",2026-07-15,new
bernedoodle,SwissRidge Kennels,breeder,https://swissridgekennels.com/,email,swissridgekennels@gmail.com,high,no,"Coined the ""Bernedoodle"" name — first breeder to cross Bernese x Poodle; great quote source",2026-07-15,new
bernedoodle,Utah Bernedoodles,breeder,https://www.utahbernedoodle.com/bernedoodle-stars-.html,none,https://www.utahbernedoodle.com/,,no,"""Bernedoodle Stars"" page linking customer dogs' IG accounts — good outreach hub",2026-07-15,new
bernedoodle,Walnut Valley Puppies,breeder,https://www.walnutvalleypuppies.com/blog,none,https://www.walnutvalleypuppies.com/blog,,no,"IL breeder blog (training/wellness), 18K IG",2026-07-15,new
bernese-mountain-dog,Berner Mountain Dog,blog,https://bernermountaindog.com/,none,https://bernermountaindog.com/dog-blog/,,no,Breed info + care/training blog,2026-07-15,new
bernese-mountain-dog,BernerWise,blog,https://bernerwise.com/,none,https://bernerwise.com/,,yes,"Owner-run Berner lover site; founder is ex-USA TODAY journalist, fell for breed in 2002",2026-07-15,new
bernese-mountain-dog,Bert and Ernie the Berners,blog,https://www.bertandernietheberners.com/,none,https://www.bertandernietheberners.com/,,no,Minneapolis owner blog — dog-friendly road trips / Midwest adventures with 2 Berners,2026-07-15,new
bernese-mountain-dog,Alpine Berners,breeder,https://alpineberners.com/,none,https://alpineberners.com/,,no,"80-acre farm breeder, Lebanon County PA",2026-07-15,new
bernese-mountain-dog,Blackwood Acres Kennels,breeder,https://www.blackwoodacreskennels.com/,none,https://www.blackwoodacreskennels.com/,,no,Midwest breeder (Chicago/St. Louis/Indy area),2026-07-15,new
bernese-mountain-dog,Champion Creek Kennel,breeder,https://www.championcreekkennel.com/,none,https://www.championcreekkennel.com/about/,,no,"Small family breeder, upstate NY (Cobleskill)",2026-07-15,new
bernese-mountain-dog,Filucy Bay Bernese,breeder,https://www.filucybay.com/,none,https://www.filucybay.com/,,no,"50+ years breeding, Puget Sound WA",2026-07-15,new
bernese-mountain-dog,High Country Kennels,breeder,https://www.highcountrybernese.com/,none,https://www.highcountrybernese.com/,,no,"Colorado breeder, PennHIP/OFA-tested",2026-07-15,new
bernese-mountain-dog,BMD Club of Great Britain,club,https://bernese.co.uk/,email,web@bernese.co.uk,med,no,"Oldest/largest UK Berner club (1971, 1,000+ members); email seen in search snippet",2026-07-15,new
bernese-mountain-dog,BMD Club of SE Wisconsin,club,https://www.bmdcsew.org/,form,https://www.bmdcsew.org/rescue,,no,WI regional club + rescue/rehome,2026-07-15,new
bernese-mountain-dog,BMD Club of Southern California,club,https://www.bmdcsc.org/,none,https://www.bmdcsc.org/,,no,"SoCal regional club, active rescue committee",2026-07-15,new
bernese-mountain-dog,BMD Club of the Greater Twin Cities,club,https://twincitiesbmd.org/,form,https://twincitiesbmd.org/rescue/,,no,"MN regional club, active rescue committee",2026-07-15,new
bernese-mountain-dog,BMDC of Northern California,club,http://www.bmdcnc.org/,none,,,no,own site seen in search (/club-info.html),2026-07-15,new
bernese-mountain-dog,Bernese Mountain Dog Club of America (BMDCA),club,https://www.bmdca.org/,form,https://www.bmdca.org/rescue,,no,National parent club; publishes The Alpenhorn quarterly magazine; regional-club directory,2026-07-15,new
bernese-mountain-dog,Bernese Mountain Dog Club of Watchung,club,https://www.bmdcw.org/,form,https://www.bmdcw.org/index.php/rescue,,no,NY/PA/NJ regional club with rescue arm,2026-07-15,new
bernese-mountain-dog,Bernese Mountain Dog Club of the Rockies (BMDCR),club,https://www.bmdcr.org/,none,https://www.bmdcr.org/,,no,CO/UT/NM/WY regional club since 1989,2026-07-15,new
bernese-mountain-dog,Bernese Mountain Dogs in the Rockies (bmd.org),club,https://bmd.org/,none,https://bmd.org/,,no,Long-running Rockies breed-info site + FAQ,2026-07-15,new
bernese-mountain-dog,Blue Ridge Bernese Mountain Dog Club,club,https://www.blueridgebmdc.org/,none,,,no,NC/SC; own site seen in search,2026-07-15,new
bernese-mountain-dog,Northern Bernese Mountain Dog Club,club,https://www.northernbernese.co.uk/,none,https://www.northernbernese.co.uk/,,no,UK northern regional club,2026-07-15,new
bernese-mountain-dog,Potomac Valley BMD Club,club,https://www.pvbmdc.org/,form,https://www.pvbmdc.org/rescues,,no,"Mid-Atlantic regional club, rescue page",2026-07-15,new
bernese-mountain-dog,Berner-Garde Foundation,other,http://www.bernergarde.org,none,http://www.bernergarde.org,,no,"Public breed health/pedigree database, 77K+ dogs",2026-07-15,new
cane-corso,Conley's Cane Corsos,breeder,https://conleyscanecorso.com/,none,https://conleyscanecorso.com/blog-and-articles,,no,Breeder with blog/articles section,2026-07-15,new
cane-corso,Costa Bel Cane Corso,breeder,https://www.costabelcanecorso.com/,none,https://www.costabelcanecorso.com/,,no,"Blog running since 2009, show handling content",2026-07-15,new
cane-corso,Da Boyz Cane Corso,breeder,https://www.daboyzcanecorso.com/,none,https://www.daboyzcanecorso.com/,,no,NE Texas breeder with educational blog section,2026-07-15,new
cane-corso,Fidecore Cane Corso,breeder,https://fidecorecanecorso.com/,none,https://fidecorecanecorso.com/,,no,Illinois breeder,2026-07-15,new
cane-corso,Mad River Cane Corso,breeder,https://madrivercanecorso.com/,none,https://madrivercanecorso.com/,,no,Award-winning breeders Darrel & Jennifer Hamren,2026-07-15,new
cane-corso,Old School Cane Corso,breeder,https://oldschoolcanecorso.com/,email,steve@moralesdesign.net,high,no,"Kennel with active nutrition/care blog; NB email on page looks like the site designer's, not the kennel's",2026-07-15,new
cane-corso,Presidential Cane Corsos,breeder,https://presidentialcanecorsos.com/,none,https://presidentialcanecorsos.com/,,no,"Pearland, TX breeder",2026-07-15,new
cane-corso,Red Rock Canyon Cane Corso,breeder,https://redrockcanyoncanecorso.com/,none,https://redrockcanyoncanecorso.com/cane-corso-dog-rescue/,,no,Breeder that also runs a rescue page,2026-07-15,new
cane-corso,Serafina Cane Corso,breeder,https://serafinacanecorso.com/,none,https://serafinacanecorso.com/,,no,"AKC Breeder of Merit, home-raised",2026-07-15,new
cane-corso,The Family's Cane Corso,breeder,https://www.thefamilyscanecorso.com/,none,https://www.thefamilyscanecorso.com/blog,,no,Breeder blog with puppy/event updates,2026-07-15,new
cane-corso,Thoroughbred Cane Corso,breeder,https://thoroughbredcanecorso.com/,email,info@thoroughbredcanecorso.com,high,no,"LA breeder, champion bloodlines; 77K IG audience",2026-07-15,new
cane-corso,Valle del Salso,breeder,https://www.valledelsalso.com/en/blog/,none,https://www.valledelsalso.com/en/blog/,,no,Italian family breeder with English-language blog,2026-07-15,new
cane-corso,Vulcan Cane Corso,breeder,https://www.vulcancanecorso.com/,none,https://www.vulcancanecorso.com/,,no,Breeder,2026-07-15,new
cane-corso,Wolf Creek Cane Corsos,breeder,https://wolfcreekcanecorsos.com/,none,https://wolfcreekcanecorsos.com/,,no,Breeder,2026-07-15,new
cane-corso,Cane Corso Association of America (CCAA),club,https://www.canecorso.org/,none,https://www.canecorso.org/,,no,AKC parent club; runs its own blog + rescue committee + breeder list,2026-07-15,new
cane-corso,"Cane Corso Rescue, Inc.",rescue,https://canecorsorescue.org/,none,https://canecorsorescue.org/,,no,"National rescue, 1,500+ dogs since 2005",2026-07-15,new
cane-corso,Must Love Corsos Rescue,rescue,https://mustlovecorsosrescue.org/,email,info@mustlovecorsosrescue.org,high,no,Community-based nonprofit rescue,2026-07-15,new
cane-corso,West Coast Cane Corso Rescue,rescue,https://www.wcccr.org/,none,https://www.wcccr.org/,,no,CA/OR/WA 501c3 est. 2014; also active on IG (34K),2026-07-15,new
cavapoo,Cavapoo Crew,blog,https://cavapoocrew.com/,none,https://cavapoocrew.com/,low,yes,Owner blog following Arlo the F1b cavapoo from 8 weeks; contact page timed out on fetch,2026-07-15,new
cavapoo,Cavapoo Info,blog,https://cavapooinfo.com/,email,Admin@CavapooInfo.com,high,no,"Run by Sarah, cavapoo owner ""10+ years studying the breed""; email seen on fetched contact page",2026-07-15,new
cavapoo,Cavapoo-Puppy.dog,blog,https://cavapoo-puppy.dog/blog/,none,https://cavapoo-puppy.dog/,low,no,Cavapoo care/training/health article blog,2026-07-15,new
cavapoo,My Doodle Puppy,blog,https://www.mydoodlepuppy.com/,email,contact@mydoodlepuppy.com,high,yes,Covers Maltipoo/Cavapoo/Cockapoo; celebrity-maltipoo articles; email on fetched contact page,2026-07-15,new
cavapoo,Our Cavapoo,blog,https://ourcavapoo.com/,form,https://ourcavapoo.com/contact/,high,no,"UK owner blog started lockdown 2020, puppyhood-to-adolescence journey; publishes ""best cavapoo blogs"" roundups",2026-07-15,new
cavapoo,The Cavapoo Corner,blog,https://thecavapoocorner.com/,form,https://thecavapoocorner.com/contact/,high,no,"Runs ""9 cute cavapoos to follow on Instagram"" roundups — natural quote/link target",2026-07-15,new
cavapoo,Calla Lily Cavapoo,breeder,https://callalilycavapoo.com/,none,https://callalilycavapoo.com/,low,no,Boutique cavapoo breeder,2026-07-15,new
cavapoo,Catch A Cavapoo,breeder,https://www.catchacavapoo.com/,none,https://www.catchacavapoo.com/,low,no,Central Wisconsin cavapoo breeder,2026-07-15,new
cavapoo,Cavapoo Colorado,breeder,https://cavapoocolorado.com/,none,https://cavapoocolorado.com/,low,no,Colorado cavapoo breeder site,2026-07-15,new
cavapoo,Cavapoo Kennels of Western New York,breeder,https://cavapookennels.com/,none,https://cavapookennels.com/,low,no,Western NY cavapoo breeder,2026-07-15,new
cavapoo,Cavapoo Puppies Place,breeder,https://cavapoopuppiesplace.com/,none,https://cavapoopuppiesplace.com/blog,low,no,WA-based breeder with active blog section,2026-07-15,new
cavapoo,Choice Paws,breeder,https://www.choicepaws.com/,none,https://www.choicepaws.com/,low,no,Home-environment smaller-size cavapoo breeder,2026-07-15,new
cavapoo,Jones Farm Puppies,breeder,https://jonesfarmpuppies.com/,none,https://jonesfarmpuppies.com/,low,no,"NC cavapoo breeder, mini/toy/standard sizes, ships nationwide",2026-07-15,new
cavapoo,Pratt Meadow Puppies,breeder,https://www.pmpuppies.com/,none,https://www.pmpuppies.com/,low,no,Massachusetts cavapoo breeder (Lanesborough MA),2026-07-15,new
cavapoo,Rivers Edge Cavapoos,breeder,https://www.riversedgecavapoos.com/,none,https://www.riversedgecavapoos.com/,low,no,Illinois cavapoo + cavalier breeder,2026-07-15,new
cavapoo,CavapooExpert (Cavapoo Dog Club),club,https://cavapooexpert.com/,form,https://cavapooexpert.com/contact/,high,no,"Free online cavapoo ""club"" community with playdates angle — good fit for a live-show pitch",2026-07-15,new
cavapoo,The Cavapoo Club Great Britain,club,https://www.thecavapooclubgb.co.uk/,none,https://www.thecavapooclubgb.co.uk/,low,no,"Breeder-run UK cavapoo club/resource (Northumberland); site unreachable from sandbox, verify",2026-07-15,new
cavapoo,helloBARK,media,https://hellobark.com/,form,https://hellobark.com/contact/,high,no,"Small-dog media; publishes ""20 Cavapoos To Follow On Instagram"" — roundup/link prospect",2026-07-15,new
cavapoo,Doodle Rock Rescue,rescue,https://doodlerockrescue.org/,form,https://doodlerockrescue.org/contact/,high,no,Dallas TX doodle rescue (cavapoos + maltipoos pass through) — dual-breed prospect,2026-07-15,new
cavapoo,Underdog Rescue MN,rescue,https://underdogrescuemn.com/,email,inquiries@underdogrescuemn.com,med,no,MN small-dog rescue with cavapoo adoptables; email seen in search snippet only,2026-07-15,new
chocolate-lab,Labrador Training HQ,blog,https://www.labradortraininghq.com/,none,https://www.labradortraininghq.com/,,no,"""Everything Labrador Retriever"" training/care content site",2026-07-15,new
chocolate-lab,The Labrador Site,blog,https://www.thelabradorsite.com/,none,https://www.thelabradorsite.com/chocolate-labrador/,,yes,Major Labrador content site; founder's own chocolate lab Rachael inspired it; has dedicated chocolate lab guide,2026-07-15,new
chocolate-lab,Wear Wag Repeat,blog,https://wearwagrepeat.com/,form,https://wearwagrepeat.com/contact/,,no,"Tori Mistick, chocolate-lab dog-mom blog since 2013 (labs Lucy + Burt); wrote ""11 Chocolate Labs to follow on Instagram""; featured in WSJ/GMA",2026-07-15,new
chocolate-lab,AZ Lab Lovers,breeder,https://azlablovers.com/,none,https://azlablovers.com/,,no,"Arizona BBB-accredited breeder, chocolate/black/yellow; also has FB page",2026-07-15,new
chocolate-lab,Bourbon Country Retrievers,breeder,https://bcretrievers.com/,none,https://bcretrievers.com/,,no,Central Kentucky champion chocolate lab breeder,2026-07-15,new
chocolate-lab,Dry Pond Kennel,breeder,https://www.drypondkennel.com/,none,https://www.drypondkennel.com/,,no,"South Carolina AKC/UKC chocolate lab specialist, champion bloodlines",2026-07-15,new
chocolate-lab,Heatherdowns Labradors,breeder,https://heatherdownslabradors.com/,none,https://heatherdownslabradors.com/,,no,Colorado; black/chocolate/yellow labs,2026-07-15,new
chocolate-lab,Hidden Pond Labradors,breeder,https://hiddenpondlabradors.com/chocolate-labs/,none,https://hiddenpondlabradors.com/blog/,,yes,Family chocolate-lab breeder with active training-tips blog,2026-07-15,new
chocolate-lab,Kenya Labradors,breeder,http://kenyalabradors.com/california/english-lab-breeder.html,none,http://kenyalabradors.com/,,no,California chocolate English lab breeder,2026-07-15,new
chocolate-lab,Larke Lab Kennels,breeder,https://www.labkennels.com/,none,https://www.labkennels.com/,,no,Williamsburg PA; award-winning labs incl. chocolate,2026-07-15,new
chocolate-lab,RidgeView Labradors,breeder,https://ridgeviewlabs.com/,none,https://ridgeviewlabs.com/,,no,35+ yrs; black/yellow/chocolate,2026-07-15,new
chocolate-lab,Smoky Mtn Chocolate Labradors,breeder,https://chocolatelabradors.com/,none,https://chocolatelabradors.com/,,no,"East TN, ~4 decades breeding; owns the exact-match chocolatelabradors.com domain",2026-07-15,new
chocolate-lab,Tried and True Labradors,breeder,https://www.triedandtruelabradors.com/,none,https://www.triedandtruelabradors.com/,,no,English lab breeder incl. chocolate,2026-07-15,new
chocolate-lab,Labrador Retriever Club of the Potomac,club,https://lrcp.com/,none,https://lrcp.com/,,no,Hosts the world's largest Labrador specialty show — strong personalization hook,2026-07-15,new
chocolate-lab,The Labrador Retriever Club Inc.,club,https://thelabradorclub.com/,none,https://thelabradorclub.com/rescue-organizations/,,no,AKC national parent club; maintains breeder + rescue directories,2026-07-15,new
chocolate-lab,Lab Rescue LRCP,rescue,https://www.lab-rescue.org/,none,https://www.lab-rescue.org/,,no,Mid-Atlantic volunteer lab rescue (VA/MD/DC/DE/WV/PA/NC),2026-07-15,new
chocolate-lab,Labrador Rescuers,rescue,https://www.labrescuers.org/,none,https://www.labrescuers.org/,,no,"San Diego/CA rescue, 20 yrs, focus on medical-needs labs",2026-07-15,new
chocolate-lab,Labrador Retriever Rescue (LRR),rescue,https://lrr.org/,none,https://lrr.org/,,no,All-volunteer mid-Atlantic lab rescue,2026-07-15,new
chocolate-lab,Labs4Rescue,rescue,https://labs4rescue.com/,form,https://labs4rescue.com/contact,,no,"501(c)(3), 15,000 labs rehomed since 2002; CT-based, New England + South; active FB/IG",2026-07-15,new
chocolate-lab,West Coast Labrador Retriever Rescue,rescue,https://wclrr.org/,none,https://wclrr.org/,,no,SoCal all-volunteer 501(c)(3),2026-07-15,new
cockapoo,Cockapoo HQ,blog,https://www.cockapoohq.com/,email,cockapoohq@gmail.com,med,no,Owner blog by Mike + cockapoo Luna; has advertising page (open to partnerships); contact /contact/,2026-07-15,new
cockapoo,Freya the Cockapoo,blog,https://freyathecockapoo.com/,none,https://freyathecockapoo.com/,,yes,"First-time-owner blog since 2019 (Freya & Frankie), ~2K organic views/mo; IG @freya.and.frankie, Twitter @Sally_AnneR",2026-07-15,new
cockapoo,cockapoo.me,blog,https://cockapoo.me/,none,https://cockapoo.me/,,no,Cockapoo info site with regional rescue guides (SE/NW England),2026-07-15,new
cockapoo,Chesley Hill Cockapoos,breeder,https://www.chesleyhillcockapoos.com/blog,none,https://www.chesleyhillcockapoos.com/,,no,Family boutique breeder with active blog,2026-07-15,new
cockapoo,OZ Cockapoos,breeder,https://www.ozcockapoos.com/,none,https://www.ozcockapoos.com/,,no,Small hobby breeder,2026-07-15,new
cockapoo,American Cockapoo Club,club,https://americancockapooclub.com/,form,https://americancockapooclub.com/contact.asp,high,no,North American registry dedicated to cockapoo as its own breed,2026-07-15,new
cockapoo,British Cockapoo Society,club,https://www.britishcockapoosociety.com/,none,https://www.britishcockapoosociety.com/,,no,Second UK cockapoo body,2026-07-15,new
cockapoo,Cockapoo Club of America,club,https://www.cockapooclubofamerica.com/,none,https://www.cockapooclubofamerica.com/,,no,"Founded 1998, older of the two US clubs",2026-07-15,new
cockapoo,Cockapoo Owners Club UK,club,https://cockapooownersclubuk.weebly.com/,none,https://cockapooownersclubuk.weebly.com/,,yes,Owner club; also runs FB group; has adoption listings page,2026-07-15,new
cockapoo,The Cockapoo Club of GB (CCGB),club,https://www.cockapooclubgb.co.uk/,email,hello@cockapooclubgb.co.uk,med,no,"10,000+ members, founded 2011; contact page /contact-us/; biggest UK cockapoo org",2026-07-15,new
cockapoo,Barking Mad,media,https://www.barkingmad.uk.com/blog/dog-ownership/owning-a-cockapoo-guide/,none,https://www.barkingmad.uk.com/,,no,UK dog-sitting brand blog with cockapoo owner guide,2026-07-15,new
cockapoo,Cockapoo For Sale UK,media,https://www.cockapooforsale.co.uk/,form,https://www.cockapooforsale.co.uk/contact-us/,high,no,"Cockapoo info/directory site (breeders, gifts, FAQs)",2026-07-15,new
cockapoo,dogsblog.com,media,https://www.dogsblog.com/category/cockapoo/,none,https://www.dogsblog.com/,,no,UK dogs-for-adoption media site with dedicated cockapoo category,2026-07-15,new
cockapoo,helloBARK,media,https://hellobark.com/social-stars/20-cockapoos-to-follow-on-instagram/,none,https://hellobark.com/,,no,"Dog media site; runs breed + IG-roundup listicles — natural fit for a ""live dog show"" story",2026-07-15,new
cockapoo,I Love My Cockapoo Forums,other,https://www.ilovemycockapoo.com/,none,https://www.ilovemycockapoo.com/,,no,Long-running cockapoo owner forum,2026-07-15,new
cockapoo,Cockapoo Rescue GB,rescue,https://cockapoorescuegb.org/,form,https://cockapoorescuegb.org/ask-for-help/,high,no,CCGB-linked rehoming + rehabilitation charity; also on FB,2026-07-15,new
dachshund,Dachshund Club of America,club,https://www.dachshundclubofamerica.org/,form,https://www.dachshundclubofamerica.org/contact-us/,,no,local-club list is a Google Sheet (fetch timed out); rescue page at /rescue/,2026-07-15,new
dachshund,Dallas-Fort Worth Dachshund Club,club,https://www.dfwdachshund.com/,none,,,no,regional club with own rescue page,2026-07-15,new
dachshund,Dachshund Rescue of North America (DRNA contact),rescue,https://www.drna.org/,form,https://www.drna.org/contact.php,,no,7000+ placements; phone (703) 362-1389 in snippet,2026-07-15,new
dachshund,Doxie By Proxy (rescues directory),rescue,https://www.doxiebyproxy.org/dachshund-rescues,none,,,no,maintains a dachshund-rescues directory — mining source,2026-07-15,new
dalmatian,Dalmatian DIY,blog,https://www.dalmatiandiy.com/,none,https://www.dalmatiandiy.com/about/,low,no,"Laura; homemade dog-treat recipes + crafts, blog dog Humphrey (11yo Dal) — strong personalization hook",2026-07-15,new
dalmatian,Bedlam Acres Dalmatians,breeder,https://www.bedlamdalmatians.ca/dog-blog/the-truth-about-dalmatians,none,https://www.bedlamdalmatians.ca/,low,no,"Canadian breeder with honest ""Truth About Dalmatians"" blog",2026-07-15,new
dalmatian,Caprilli Dalmatians,breeder,https://www.caprilli-dalmatians.com/,none,https://www.caprilli-dalmatians.com/,low,no,Owner/exhibitor/breeder site,2026-07-15,new
dalmatian,Dallas Dalmatians,breeder,https://www.dallasdalmatians.com/,none,https://www.dallasdalmatians.com/,low,no,"Small Dallas TX kennel, breeding since 2021",2026-07-15,new
dalmatian,Mid-Michigan Dalmatians,breeder,https://www.midmichdalmatians.com/,none,https://www.midmichdalmatians.com/,low,no,"Family breeder, Michigan",2026-07-15,new
dalmatian,RockADal (Rock A Dalmatian),breeder,https://rockadalmatian.com/,none,https://rockadalmatian.com/,low,no,Tennessee; puppy-curriculum socialization angle,2026-07-15,new
dalmatian,Spot N My Heart Dalmatians,breeder,https://spotnmyheart.com/,none,https://spotnmyheart.com/,low,no,"Cameron, Oroville CA; in breed since 2014",2026-07-15,new
dalmatian,British Dalmatian Club,club,https://www.britishdalmatianclub.org.uk/,form,https://www.britishdalmatianclub.org.uk/info/index.php?action=contact,high,no,UK breed club; contact page URL confirmed on fetched homepage; runs shows + welfare arm,2026-07-15,new
dalmatian,Dalmatian Club of America,club,https://dalmatianclubofamerica.org/,none,https://dalmatianclubofamerica.org/find-a-dalmatian/,low,no,AKC parent club since 1905; contact fetch timed out — has breeder-search tool,2026-07-15,new
dalmatian,Dalmatian Club of Greater New York,club,https://www.dcgny.org/,none,,,no,regional DCA club,2026-07-15,new
dalmatian,Dalmatian Club of North Texas,club,https://thedcnt.org/,none,https://thedcnt.org/,low,no,Regional TX breed club,2026-07-15,new
dalmatian,Dalmatian Club of Northern California,club,https://dalclubnorcal.com/,none,,,no,regional club,2026-07-15,new
dalmatian,Puget Sound Dalmatian Club,club,https://pugetsounddalmatianclub.org/,none,,,no,"regional DCA member club, WA",2026-07-15,new
dalmatian,LUA Dalmatians World,media,https://www.luadalmatians-world.com/enus/dalmatian-breeders,none,https://www.luadalmatians-world.com/,low,no,LUA (low uric acid) Dalmatian info + international breeder directory,2026-07-15,new
dalmatian,Dalmatian Club of America Foundation,other,https://dcaf.org/rescue-support/,none,https://dcaf.org/,low,no,Charity arm; maintains list of affiliated Dal rescues (good hub for more prospects),2026-07-15,new
dalmatian,Dalmatian Assistance League (Dalsavers),rescue,http://www.dalsavers.org/,none,,,no,,2026-07-15,new
dalmatian,Dalmatian Rescue (Tampa),rescue,https://www.dalmatianrescue.com/,none,https://www.dalmatianrescue.com/our-journey,low,no,"""Safe haven for Dalmatians in need""; has Our Journey story page",2026-07-15,new
dalmatian,Dalmatian Rescue of Colorado,rescue,https://dalmatianrescueco.org/,none,https://dalmatianrescueco.org/,low,no,Operating since 1996,2026-07-15,new
dalmatian,Dalmatian Rescue of North Texas,rescue,https://www.dalpal.com/,none,https://www.dalpal.com/,low,no,"All-volunteer 501(c)3, Plano TX; also on FB",2026-07-15,new
dalmatian,Dalmatian Rescue of Southern California,rescue,http://www.dalrescuesocal.com/,none,http://www.dalrescuesocal.com/,low,no,Newport Beach; pulls Dals from SoCal high-kill shelters,2026-07-15,new
dalmatian,Save the Dalmatians & Others Canine Rescue,rescue,https://savethedals.org/,none,https://savethedals.org/,low,no,"501(c)3, rescue/rehab/rehome via fostering",2026-07-15,new
dalmatian,Willing Hearts Dalmatian Rescue,rescue,https://www.whdr.org/,none,https://www.whdr.org/,low,no,Dal rescue org,2026-07-15,new
french-bulldog,French Bulldog Owner,blog,https://frenchbulldogowner.com/,none,https://frenchbulldogowner.com/,,yes,"UK owner blog by Marc & Jemma, dog ""Claude""; email masked in snippets",2026-07-15,new
french-bulldog,FrenchBulldog.org,blog,https://frenchbulldog.org/,none,https://frenchbulldog.org/,,no,"Breed info site: health, guides, lifestyle, news",2026-07-15,new
french-bulldog,FrenchieChat,blog,https://frenchiechat.com/blog/,none,https://frenchiechat.com/,,yes,"Frenchie community blog: care, health, training",2026-07-15,new
french-bulldog,Topdog French Bulldogs,blog,https://topdogfrenchbulldogs.com/french-bulldog-blog/,none,https://topdogfrenchbulldogs.com/,,no,Owner-education Frenchie blog,2026-07-15,new
french-bulldog,You Winnie Some Frenchies (French Bull-Blog),blog,https://www.youwinniesomefrenchies.com/the-french-bull-blog,none,https://www.youwinniesomefrenchies.com/,,yes,Small owner-run Frenchie blog,2026-07-15,new
french-bulldog,TomKings Kennel,breeder,https://tomkingskennel.com/,none,https://tomkingskennel.com/,,no,"Large family-run breeder network, 1,000+ Frenchies placed in US; active blog",2026-07-15,new
french-bulldog,French Bull Dog Club of America,club,https://frenchbulldogclub.org/,none,https://frenchbulldogclub.org/,,no,Oldest Frenchie club in the world (1897); runs breeder referral list,2026-07-15,new
french-bulldog,French Bulldog Club of Colorado,club,https://www.frenchbulldogclubofcolorado.com/,none,https://www.frenchbulldogclubofcolorado.com/,,no,Regional Frenchie club,2026-07-15,new
french-bulldog,French Bulldog Fanciers of Mid-Fla,club,http://www.frenchbulldogfanciersofmidfl.com/,email,karenforgione@aol.com,high,no,president; club email on directory rendered mangled — use president's,2026-07-15,new
french-bulldog,French Bulldog Fanciers of Southern California,club,http://www.frenchiesfirst.com,email,Frnchbuldg@gmail.com,high,no,VP Jennifer Stampfl mailto on fetched directory,2026-07-15,new
french-bulldog,Heartland French Bulldog Club,club,https://www.heartlandfrenchbulldogclub.org/,none,https://www.heartlandfrenchbulldogclub.org/,,no,Regional Frenchie club,2026-07-15,new
french-bulldog,Northern California French Bulldog Club,club,https://ncfbc.com/,none,https://ncfbc.com/,,no,Regional AKC-affiliated club,2026-07-15,new
french-bulldog,French Bulldog News (forum),media,https://www.frenchbulldognews.com/,none,https://www.frenchbulldognews.com/,,no,"Long-running Frenchie forum: rescue, health, meetups",2026-07-15,new
french-bulldog,French Bullevard,media,https://frenchbullevard.com/frenchie-news/,none,https://frenchbullevard.com/,,no,Frenchie news/lifestyle site,2026-07-15,new
french-bulldog,Frenchiestore Blog,media,https://frenchiestore.com/blogs/frenchie-blog,none,https://frenchiestore.com/,,no,Frenchie apparel brand with active breed blog,2026-07-15,new
french-bulldog,DFW French Bulldog Rescue,rescue,https://dfwfrenchbulldogrescue.org/,none,https://dfwfrenchbulldogrescue.org/,,no,Dallas–Fort Worth Frenchie rescue,2026-07-15,new
french-bulldog,French Bulldog Rescue & Adoption,rescue,https://www.frenchbulldogrescueandadoption.com/,none,https://www.frenchbulldogrescueandadoption.com/,,no,Registered charity rehoming Frenchies since 2011,2026-07-15,new
french-bulldog,French Bulldog Rescue Network (FBRN),rescue,https://frenchbulldogrescue.org/,form,https://frenchbulldogrescue.org/contact-us/,,no,Major US/Canada Frenchie rescue; rescues from mills/shelters,2026-07-15,new
french-bulldog,French Bulldog Village Rescue,rescue,https://frenchbulldogvillage.net/,email,socialmedia@frenchbulldogvillage.org,med,no,Dedicated social-media contact address — ideal for feature pitches,2026-07-15,new
french-bulldog,Rescue French Bulldogs,rescue,https://www.rescuefrenchbulldogs.org/,none,https://www.rescuefrenchbulldogs.org/,,no,"501(c)(3), official rescue of FrenchBulldog.com, est. 2020",2026-07-15,new
french-bulldog,Rocky Mountain French Bulldog Rescue,rescue,https://www.rmfbr.org/,none,https://www.rmfbr.org/,,no,"Women-led Colorado nonprofit since 2014, special-needs focus",2026-07-15,new
french-bulldog,SoCal French Bulldog Rescue,rescue,https://socalfrenchbdrescue.org/,none,https://socalfrenchbdrescue.org/,,no,Rescues sick/injured Frenchies in Southern California,2026-07-15,new
german-shepherd,GermanShepherd101,blog,https://germanshepherd101.com/,form,https://germanshepherd101.com/contact/,,yes,"First-time-GSD-owner resource; publishes ""top GSD blogs"" listicles (link-friendly)",2026-07-15,new
german-shepherd,Total German Shepherd,blog,https://www.total-german-shepherd.com/,none,https://www.total-german-shepherd.com/,,yes,Long-running owner blog,2026-07-15,new
german-shepherd,Kolenda Kennels,breeder,https://www.kolendakennels.com/,none,https://www.kolendakennels.com/,,no,"Michigan breeder, ships nationwide",2026-07-15,new
german-shepherd,Mittelwest German Shepherds,breeder,https://www.mittelwest.com/,none,https://www.mittelwest.com/,,yes,High-profile IL show/breeding kennel,2026-07-15,new
german-shepherd,GSDCA-WDA (working dog assoc) member clubs,club,http://gsdca-wda.org/asp/memberclubs.aspx,none,,,no,member-club directory page,2026-07-15,new
german-shepherd,German Shepherd Dog Club San Gabriel Valley,club,https://germanshepherddogclubsgv.org/,none,,,no,regional club,2026-07-15,new
german-shepherd,German Shepherd Dog Club of America (GSDCA),club,https://gsdca.org/,email,office@gsdca.org,high,no,AKC parent club; publishes GSD Review magazine online; also membership@gsdca.org,2026-07-15,new
german-shepherd,German Shepherd Dog Club of Greater Washington DC,club,https://gsdcgw.org/,none,https://gsdcgw.org/,,no,Regional breed club,2026-07-15,new
german-shepherd,German Shepherd Dog Club of Minneapolis & St. Paul,club,https://gsdcmsp.org/,none,https://gsdcmsp.org/,,no,"Regional GSDCA club, training + shows",2026-07-15,new
german-shepherd,German Shepherd Dog Club of Oregon,club,https://gsdcoregon.com/,none,,,no,regional club,2026-07-15,new
german-shepherd,German Shepherd Dog Club of St. Louis,club,https://gsdcstl.org/,none,,,no,regional club,2026-07-15,new
german-shepherd,Northern New Jersey German Shepherd Dog Club,club,https://www.nnjgsdc.org/,none,,,no,regional club,2026-07-15,new
german-shepherd,Rocky Mountain German Shepherd Dog Club,club,http://www.rmgsdc.org/,none,,,no,regional club,2026-07-15,new
german-shepherd,Southern New Jersey German Shepherd Dog Club,club,https://southjerseygsd.com/,none,https://southjerseygsd.com/,,no,Regional breed club,2026-07-15,new
german-shepherd,United Schutzhund Clubs of America (USCA),club,https://www.germanshepherddog.com/,none,https://www.germanshepherddog.com/,,no,Working-dog (IGP) national club; publishes its own magazine,2026-07-15,new
german-shepherd,All About Shepherds,media,https://allaboutshepherds.com/,form,https://allaboutshepherds.com/contact/,,no,Self-described first GSD news website,2026-07-15,new
german-shepherd,American German Shepherd Rescue Association,rescue,https://www.agsra.org/,email,haystacy@hotmail.com,high,no,National umbrella rescue association; email seen on homepage,2026-07-15,new
german-shepherd,German Shepherd Dog Rescue of Georgia,rescue,https://www.gashepherd.org/,none,https://www.gashepherd.org/,,no,GA rescue,2026-07-15,new
german-shepherd,German Shepherd Rescue & Adoptions,rescue,https://gsdrescue.org/,form,https://gsdrescue.org/contact-us/,,no,"NC/SC rescue, saving GSDs since 1992",2026-07-15,new
german-shepherd,German Shepherd Rescue of New England,rescue,https://gsrne.org/,form,https://gsrne.org/contact-us/,,no,New England 501c3,2026-07-15,new
german-shepherd,German Shepherd Rescue of Orange County,rescue,https://www.gsroc.org/,email,info@gsroc.org,high,no,"SoCal 501c3, active adoption program",2026-07-15,new
german-shepherd,"German Shepherd Rescue, Inc.",rescue,https://gsrescue1.org/,none,https://gsrescue1.org/,,no,Chicagoland 501c3,2026-07-15,new
german-shepherd,Mid-Atlantic German Shepherd Rescue (MAGSR),rescue,https://magsr.org/,email,help@MAGSR.org,high,no,"4,900+ adoptions since 1999",2026-07-15,new
german-shepherd,Saving Shepherds Rescue,rescue,https://www.savingshepherdsrescue.org/,none,,,no,also covers Belgian Malinois + Dutch Shepherd,2026-07-15,new
german-shepherd,ShepHeroes,rescue,https://www.shepheroes.org/,none,https://www.shepheroes.org/,,no,NorCal volunteer rescue,2026-07-15,new
german-shepherd,True North GSD Rescue,rescue,https://truenorthgsdrescue.org/,none,,,no,volunteer-run,2026-07-15,new
german-shepherd,Virginia German Shepherd Rescue,rescue,https://www.shepherdrescue.org/,email,info@vgsr.org,high,no,"All-volunteer, serves VA/MD/DC",2026-07-15,new
german-shepherd,Westside German Shepherd Rescue,rescue,https://www.sheprescue.org/,none,https://www.sheprescue.org/,,no,Large LA rescue,2026-07-15,new
giant-schnauzer,Giant Schnoos,blog,https://giantschnoos.home.blog/,none,,,no,owner-run blog,2026-07-15,new
giant-schnauzer,AKC Giant Schnauzers,breeder,https://akcgiantschnauzers.com/,none,,,yes,working + champion lines,2026-07-15,new
giant-schnauzer,Arizona Schnauzers,breeder,https://arizonaschnauzers.com/,none,,,no,family breeding program,2026-07-15,new
giant-schnauzer,Grande Giants,breeder,https://www.grandegiants.com/,none,,,no,has links/rescue resources page (id19.html),2026-07-15,new
giant-schnauzer,Hatten's Giant Schnauzers,breeder,https://www.hattensgiantschnauzers.com/,none,,,no,"champion breeder, IL",2026-07-15,new
giant-schnauzer,Majestic Giant Schnauzers,breeder,https://www.majesticgiantschnauzers.com/,none,,,no,CA breeder,2026-07-15,new
giant-schnauzer,SchnauHaus,breeder,https://www.schnauhaus.com/,none,,,no,Central Valley CA,2026-07-15,new
giant-schnauzer,Skyline Giant Schnauzers,breeder,https://www.skylinegiantschnauzer.com/,none,,,yes,breeder with owner-stories content section,2026-07-15,new
giant-schnauzer,Sweetwater Kennels,breeder,https://sweetwaterkennelsllc.com/,none,,,no,veteran-owned small breeder,2026-07-15,new
giant-schnauzer,Texas Giant Schnauzers,breeder,https://www.texasgiantschnauzers.com/,none,,,no,Burkett TX; phone 325-214-2724 in search snippet,2026-07-15,new
giant-schnauzer,Giant Schnauzer Club of America (GSCA),club,http://www.giantschnauzerclubofamerica.com/,email,board@giantschnauzerclubofamerica.com,high,no,AKC parent club; email seen on fetched Rescue.aspx page,2026-07-15,new
giant-schnauzer,"Feedspot ""Giant Schnauzer Blogs"" list",media,https://bloggers.feedspot.com/giant_schnauzer_blogs/,none,,,no,meta-list of 10 GS blogs — good source for further mining,2026-07-15,new
giant-schnauzer,Hertha Thomas-Zagari (HT-Z) Giant Schnauzer Rescue,rescue,http://htzrescue.com/,email,Rescueagiant@gmail.com,high,no,"501c3, Pleasantville OH; listed on fetched GSCA rescue page",2026-07-15,new
giant-schnauzer,Schnauzer Rescue Net (rescue links directory),rescue,http://schnauzerrescue.net/rescue_links.htm,none,,,no,"schnauzer rescue links hub, seen in search",2026-07-15,new
giant-schnauzer,Schnauzer Rescue of the Carolinas,rescue,http://www.schnauzerrescueofthecarolinas.org/,email,info@schnauzerrescueofthecarolinas.org,high,no,also adoptions@schnauzerrescueofthecarolinas.org; adopts Giants in NC/SC/TN/VA (fetched GSCA page),2026-07-15,new
giant-schnauzer,Valley of the Sun Giant Schnauzer Rescue,rescue,http://www.vsgiantschnauzerrescue.org/,email,phxgsrescue@hotmail.com,high,no,501c3 Phoenix AZ (fetched GSCA page),2026-07-15,new
giant-schnauzer,WRSF (schnauzer rescue),rescue,https://sites.google.com/view/wrsf/home,none,,,no,seen in GSCA rescue search results,2026-07-15,new
golden-mountain-dog,BreedScout,blog,https://www.breedscout.com/breeds/golden-mountain-dog,none,https://www.breedscout.com/,,no,Breed-info site with complete GMD guide,2026-07-15,new
golden-mountain-dog,Golden Retriever Guides,blog,https://goldenretrieverguides.com/bernese-dog-golden-retriever-mix/,none,https://goldenretrieverguides.com/,,no,Golden-niche blog with GMD mix guide,2026-07-15,new
golden-mountain-dog,How To Train The Dog,blog,https://howtotrainthedog.com/golden-mountain-dog/,none,https://howtotrainthedog.com/,,no,Training blog with GMD breed profile,2026-07-15,new
golden-mountain-dog,Pure Paws Life,blog,https://purepawslife.com/golden-mountain-dog/,none,https://purepawslife.com/,,no,"""Golden Mountain Dog 2026 Complete Guide"" — fresh content, likely receptive",2026-07-15,new
golden-mountain-dog,The Bernese (thebernese.org),blog,https://thebernese.org/golden-mountain-dog/,none,https://thebernese.org/,,yes,"Bernese-niche site; ""Golden Mountain Dog: Ultimate Guide (2026 update)""",2026-07-15,new
golden-mountain-dog,The People Who Share,blog,https://www.thepeoplewhoshare.com/golden-mountain-dog/,none,https://www.thepeoplewhoshare.com/,,no,"General site with ""Everything you need to know about the GMD"" post",2026-07-15,new
golden-mountain-dog,Golden Heart Mountain Dogs,breeder,https://www.goldenheartmountaindogs.com/,none,https://www.goldenheartmountaindogs.com/,,no,"Wisconsin; European lines, OFA/genetic testing",2026-07-15,new
golden-mountain-dog,Golden Mountain Farm,breeder,https://www.goldenmountainfarm.com/,none,https://www.goldenmountainfarm.com/puppies,,yes,Fort Collins CO; Berners + GMDs + Bernedoodles; 1-yr health warranty,2026-07-15,new
golden-mountain-dog,Golden Mtn Dogs (Colorado),breeder,https://www.goldenmtndogs.com/,none,https://www.goldenmtndogs.com/,,yes,Colorado GMD-dedicated breeder,2026-07-15,new
golden-mountain-dog,Heart and Home Doodles,breeder,https://www.heartandhomedoodles.com/golden-mountains,none,https://www.heartandhomedoodles.com/,,no,Doodle breeder with dedicated Golden Mountains program page,2026-07-15,new
golden-mountain-dog,Oak Creek Berners,breeder,https://www.bernerpuppy.com/golden-mountain-dog-puppies-for-sale,none,https://www.bernerpuppy.com/,,yes,"Wolcott IN; GMD + Irish GMD puppies, 3-yr warranty",2026-07-15,new
golden-mountain-dog,Western Rocky Golden Mountain Dogs,breeder,https://www.westernrockygmds.com/,none,https://www.westernrockygmds.com/the-breed,,no,Grand Junction CO GMD specialist; active IG + FB; has breed-info page,2026-07-15,new
golden-mountain-dog,Canine Journal,media,https://www.caninejournal.com/bernese-mountain-dog-golden-retriever-mix/,none,https://www.caninejournal.com/,,no,Large dog media; GMD breed-info article,2026-07-15,new
golden-mountain-dog,Rocky Kanaka,media,https://rockykanaka.com/golden-mountain-dog/,none,https://rockykanaka.com/,,no,"TV host/dog creator; wrote GMD trend piece (""designer dog breaking the internet"")",2026-07-15,new
goldendoodle,Goldendoodle Advice,blog,https://www.goldendoodleadvice.com/,none,https://www.goldendoodleadvice.com/,,no,"Owner-run (publisher Kern), ""the good the bad and the ugly"" of goldendoodle life",2026-07-15,new
goldendoodle,Happy-Go-Doodle,blog,https://www.happygodoodle.com/,form,https://www.happygodoodle.com/contact/,,yes,Friendly doodle-enthusiast publication built around dog Chloe; publishes rescue resource guides,2026-07-15,new
goldendoodle,Mini Goldendoodle Monthly (Lamgo Farms),blog,https://minigoldendoodlemonthly.com/,none,https://minigoldendoodlemonthly.com/,,no,TX family farm blog; 11.3K FB per Feedspot,2026-07-15,new
goldendoodle,Willowhill Doodles,blog,https://www.willowhilldoodles.com/posts,none,https://www.willowhilldoodles.com/posts,,no,Mini goldendoodle training/grooming blog,2026-07-15,new
goldendoodle,ABC's Puppy Zs,breeder,https://www.abcspuppyzs.com/goldendoodle-blog/,none,https://www.abcspuppyzs.com/goldendoodle-blog/,,no,Trending-topics goldendoodle blog,2026-07-15,new
goldendoodle,Fox Creek Farm,breeder,https://goldendoodles.net/what-is-gana/,none,https://goldendoodles.net/,,no,WV breeder on premium goldendoodles.net domain; GANA-affiliated,2026-07-15,new
goldendoodle,Goldendoodle Kennels,breeder,https://www.goldendoodlekennels.com/category/blog/,none,https://www.goldendoodlekennels.com/,,no,Specialists in mini/toy/micro sizes,2026-07-15,new
goldendoodle,Goldilocks Goldendoodles,breeder,https://goldilocksgoldendoodles.com/blog/,none,https://goldilocksgoldendoodles.com/blog/,,no,Family hobby breeder blog,2026-07-15,new
goldendoodle,Lakeshore Doodles,breeder,https://lakeshoredoodles.com/goldendoodle-care-and-ownership/,none,https://lakeshoredoodles.com/,,no,"NY breeder, 6-part care & ownership series",2026-07-15,new
goldendoodle,Morning Glory Doodles,breeder,https://www.morningglorydoodles.com/blog/,none,https://www.morningglorydoodles.com/blog/,,no,Multi-doodle breeder; 24.3K IG per Feedspot,2026-07-15,new
goldendoodle,Platinum Goldendoodles,breeder,https://www.platinumgoldendoodles.com/blog/,none,https://www.platinumgoldendoodles.com/blog/,,no,"English cream ""teddy bear"" goldendoodles; 43.9K FB per Feedspot",2026-07-15,new
goldendoodle,Pride and Prejudoodles,breeder,https://www.prideandprejudoodles.com/blog/,none,https://www.prideandprejudoodles.com/blog/,,no,Goldendoodle+labradoodle breeder; 39.4K FB per Feedspot,2026-07-15,new
goldendoodle,San Diego Goldendoodle,breeder,https://sandiego-goldendoodle.com/blog/,none,https://sandiego-goldendoodle.com/blog/,,no,Trains/places incl. service dogs; 30yr training history; 9.4K IG per Feedspot,2026-07-15,new
goldendoodle,Timberidge Goldendoodles,breeder,https://timberidgegoldendoodles.com/blog/,none,https://timberidgegoldendoodles.com/blog/,,yes,"Small family breeder, Loveland OH; English goldendoodles (Feedspot #1, DA 22)",2026-07-15,new
goldendoodle,Goldendoodle Association of North America (GANA),club,https://www.goldendoodleassociation.com/,email,admin@goldendoodleassociation.com,high,no,The only breed club for goldendoodles; runs blog + breeder directory; big authority link,2026-07-15,new
goldendoodle,Doodle Doods,media,https://doodledoods.com/,form,https://doodledoods.com/contact/,,no,"Doodle-parent resource site; claims ~2M readers in 2023; runs ""15 doodles to follow"" listicles",2026-07-15,new
goldendoodle,We Love Doodles,media,https://welovedoodles.com/,form,https://welovedoodles.com/contact/,,no,"Largest doodle niche media (30+ staff, millions of words published); founder Garrett Yamasaki",2026-07-15,new
goldendoodle,Doodle Dandy Rescue,rescue,https://www.doodledandyrescue.org/,email,doodledandyrescue@gmail.com,high,no,Texas doodle rescue (Dallas/Austin/Houston),2026-07-15,new
goldendoodle,IDOG Rescue,rescue,https://www.idogrescue.com/,form,https://www.idogrescue.com/contact_us,,no,"National 501c3 labradoodle/goldendoodle rescue, 3,000+ placed since 2006",2026-07-15,new
goldendoodle,Michigan Doodle Rescue Connect,rescue,https://www.michigandoodlerescueconnect.org/,none,https://www.michigandoodlerescueconnect.org/,,no,501c3 owner/breeder-surrender doodle rescue,2026-07-15,new
labradoodle,Labradoodling (UK),blog,https://labradoodlingbloguk.wordpress.com/,none,https://labradoodlingbloguk.wordpress.com/,,no,"First-time-owner UK diary blog — genuine owner voice, good quote target",2026-07-15,new
labradoodle,Snooze & Sniff,blog,https://snoozeandsniff.com/blog/,none,https://snoozeandsniff.com/blog/,,yes,"Alina, multigen labradoodle breeder; educational blog",2026-07-15,new
labradoodle,Adorable Labradoodle,breeder,https://adorablelabradoodle.com/blog/,none,https://adorablelabradoodle.com/blog/,,no,Family of 6 musicians raising Australian labradoodles; 7.9K IG per Feedspot,2026-07-15,new
labradoodle,Agape Labradoodles,breeder,https://agapelabradoodles.com/about-agape-labradoodles/our-blog/,none,https://agapelabradoodles.com/,,no,Denver CO breeder blog,2026-07-15,new
labradoodle,CNR Farms,breeder,https://www.cnrfarms.com/blog/,none,https://www.cnrfarms.com/blog/,,no,"Labradoodle care/facts/training blog (Feedspot #1, DA 17)",2026-07-15,new
labradoodle,Canadoodle Australian Labradoodles,breeder,https://blog.canadoodles.com/,none,https://blog.canadoodles.com/,,no,Claims first multigen Australian labradoodles born in North America,2026-07-15,new
labradoodle,Cedar Bend Labradoodles,breeder,https://www.cedarbendlabradoodles.com/blog,none,https://www.cedarbendlabradoodles.com/blog,,no,Iowa farm breeder; 28.9K FB per Feedspot,2026-07-15,new
labradoodle,Heritage Manor Labradoodles,breeder,https://www.heritagemanorlabradoodles.com/blog,none,https://www.heritagemanorlabradoodles.com/blog,,yes,Ohio Australian labradoodle blog,2026-07-15,new
labradoodle,Hidden Springs Labradoodles,breeder,https://hiddenspringslabradoodles.com/blog/labradoodle-puppy/,none,https://hiddenspringslabradoodles.com/,,no,Puppy-care guide content,2026-07-15,new
labradoodle,Log Cabin Labradoodles,breeder,https://logcabinlabradoodles.com/doodle-blog,none,https://logcabinlabradoodles.com/doodle-blog,,no,Maine Australian labradoodle breeder blog,2026-07-15,new
labradoodle,Loveable Labradoodles,breeder,https://www.loveablelabradoodles.com/blog,none,https://www.loveablelabradoodles.com/blog,,yes,"Becky, ALAA breeder Atascadero CA; 23K IG (@loveablelabradoodles)",2026-07-15,new
labradoodle,Providence Labradoodles,breeder,https://providencelabradoodles.com/blog/,none,https://providencelabradoodles.com/blog/,,no,Ohio breeder; 11.7K FB per Feedspot,2026-07-15,new
labradoodle,Texas Labradoodles,breeder,https://www.txlabradoodles.com/labradoodle-news/,none,https://www.txlabradoodles.com/labradoodle-news/,,no,15.3K IG per Feedspot,2026-07-15,new
labradoodle,American Labradoodle Breeder Association,club,https://americanlabradoodleassociation.com/,none,https://americanlabradoodleassociation.com/,,no,Breeder-standards association,2026-07-15,new
labradoodle,Australian Labradoodle Association (AU),club,https://australianlabradoodleassoc.org.au/news/,none,https://australianlabradoodleassoc.org.au/news/,,no,"Original Australian association, since 1998",2026-07-15,new
labradoodle,Australian Labradoodle Association of America (ALAA),club,https://alaa-labradoodles.com/,form,https://alaa-labradoodles.com/contact/,,no,Main US breed association since 2004; news blog; 12.5K FB / 9K IG per Feedspot,2026-07-15,new
labradoodle,Australian Labradoodle Club of America (ALCA),club,https://australianlabradoodleclub.com/,none,https://australianlabradoodleclub.com/about/,,no,"""Parent club"" pushing purebred recognition",2026-07-15,new
labradoodle,Worldwide Australian Labradoodle Association (WALA),club,https://www.walalabradoodles.org/,none,https://www.walalabradoodles.org/blog,,no,"Global breed association, has own blog",2026-07-15,new
labradoodle,California Doodle Rescue,rescue,https://www.californiadoodlerescue.org/,none,https://www.californiadoodlerescue.org/,,no,"All-doodle rescue+foster (labradoodles, goldendoodles, bernedoodles)",2026-07-15,new
labradoodle,Doodle Rescue USA,rescue,https://doodlerescueusa.org/,none,https://doodlerescueusa.org/,,no,National doodle rescue,2026-07-15,new
maltese,Maltese Dog Care,blog,https://maltesedogcare.com/blog,none,https://maltesedogcare.com/blog,low,no,"Breed-dedicated care/guides blog (harnesses, grooming, etc.)",2026-07-15,new
maltese,Maltese Maniac,blog,http://www.maltesemaniac.com/dog-blogs.html,none,http://www.maltesemaniac.com/,low,yes,Owner site with a directory of Maltese blogs (good for finding more prospects),2026-07-15,new
maltese,Always Maltese,breeder,https://alwaysmaltese.com/,none,https://alwaysmaltese.com/,low,no,AKC breeder/exhibitor of show Maltese,2026-07-15,new
maltese,Amore Maltese,breeder,https://amoremaltese.com/,none,https://amoremaltese.com/,low,no,"Small preservation breeder, Tampa FL; conformation + health focus",2026-07-15,new
maltese,Bella Dolce Maltese,breeder,https://belladolcemaltese.com/,none,https://belladolcemaltese.com/,low,no,"Phoenix AZ, AKC Breeder of Merit",2026-07-15,new
maltese,Richelieu Maltese,breeder,https://www.richmaltese.com/,none,https://www.richmaltese.com/,low,no,"San Francisco area, AKC champion lines",2026-07-15,new
maltese,Storybook Maltese,breeder,https://www.storybookmaltese.com/,none,https://www.storybookmaltese.com/,low,no,"Midwest AKC champion-line breeder, DNA health-tested",2026-07-15,new
maltese,Summer's Maltese,breeder,https://summersmaltese.us/,none,https://summersmaltese.us/,low,no,Korean-bloodline AKC Maltese specialist,2026-07-15,new
maltese,American Maltese Association,club,https://americanmaltese.org/,none,https://americanmaltese.org/,low,no,AKC national breed club; contact fetch timed out,2026-07-15,new
maltese,California Central Valley Maltese Club,club,https://www.californiamalteseclub.org/,none,https://www.californiamalteseclub.org/,low,no,Regional CA Maltese enthusiast club,2026-07-15,new
maltese,Maltese Only,media,https://malteseonly.com/,none,https://malteseonly.com/,low,no,"""All about Maltese dogs since 1995"" — legacy authority site with forum archives",2026-07-15,new
maltese,Spoiled Maltese Forums,media,https://www.spoiledmaltese.com/,none,https://www.spoiledmaltese.com/,low,no,Huge forum — 1.5M posts / 66K members since 2003; also has FB page,2026-07-15,new
maltese,American Maltese Association Rescue,rescue,https://www.americanmalteserescue.org/,none,https://www.americanmalteserescue.org/,low,no,"AMAR, national 501(c)3 founded 2012, all-volunteer",2026-07-15,new
maltese,Lil' Paws Maltese Rescue,rescue,https://www.lilpaws-malteserescue.org/,none,https://www.lilpaws-malteserescue.org/,low,no,Rescue/rehab/rehome Maltese + small dogs,2026-07-15,new
maltese,Maltese Rescue California,rescue,https://malteserescuecalifornia.org/,none,https://malteserescuecalifornia.org/,low,no,"501(c)3, volunteer-run",2026-07-15,new
maltese,Metropolitan Maltese Rescue,rescue,https://www.malteserescue.com/,form,https://www.malteserescue.com/about-us.html,med,no,NYC all-volunteer rescue founded 1998 (about page seen in results),2026-07-15,new
maltese,North Central Maltese Rescue,rescue,https://northcentralmalteserescue.org/,none,https://northcentralmalteserescue.org/,low,no,Midwest Maltese + small-dog rescue,2026-07-15,new
maltipoo,MLA Pets,blog,https://mlapets.com/blog-posts/,none,https://mlapets.com/,low,no,Maltipoo blog + breeder; also active on Facebook (@mlapets),2026-07-15,new
maltipoo,PetMaltipoo (Maltipoo Information Center),blog,https://www.petmaltipoo.com/,email,Contact@PetMaltipoo.com,high,yes,Dedicated maltipoo info center; has free membership + user photo submissions; also keeps a breeder directory,2026-07-15,new
maltipoo,Bay Area Maltipoo And Maltese,breeder,https://bayareamaltipooandmaltese.com/,none,https://bayareamaltipooandmaltese.com/,low,no,Small home-based East Bay CA breeder,2026-07-15,new
maltipoo,Crockett Doodles (maltipoo program),breeder,https://www.crockettdoodles.com/maltipoo/,none,https://www.crockettdoodles.com/,low,yes,Large family-raised doodle network with maltipoo page,2026-07-15,new
maltipoo,Michele's Maltipoos,breeder,https://www.michelesmaltipoos.com/,none,https://www.michelesmaltipoos.com/,low,no,"Licensed in-home hobby breeder, Clarksville TN",2026-07-15,new
maltipoo,Misty Mountain Maltipoos,breeder,https://mistymountainmaltipoos.com/,email,savematai@yahoo.com,high,no,TN maltipoo + Biewer breeder; email literally on homepage but generic yahoo — sanity-check it's theirs before sending,2026-07-15,new
maltipoo,Polos Maltipoos,breeder,https://polosmaltipoos.com/,none,https://polosmaltipoos.com/,low,no,Teacup maltipoo breeder,2026-07-15,new
maltipoo,PuppyCare.net,breeder,https://www.puppycare.net/,none,https://www.puppycare.net/,low,no,"Home-raised maltipoos, South Bay Area CA",2026-07-15,new
maltipoo,Sherry's Maltipoos,breeder,https://sherrysmaltipoos.com/,none,https://sherrysmaltipoos.com/,low,no,"GA home breeder; homepage fetched, no email visible",2026-07-15,new
maltipoo,The Maltese Homestead,breeder,https://themaltesehomestead.com/,none,https://themaltesehomestead.com/,low,no,"Maltese + maltipoo, Paradise PA, Responsible Dog Breeder Network member",2026-07-15,new
maltipoo,North American Maltipoo/Maltepoo Club & Registry,club,https://maltipooclub-ivil.tripod.com/,none,https://maltipooclub-ivil.tripod.com/,low,no,"Breed club/registry; tripod-hosted, looks dated — verify activity before outreach",2026-07-15,new
maltipoo,Maltipoo World,other,https://maltipooworld.com/en/club,none,https://maltipooworld.com/,low,no,"Breeder with a member ""club"" (care tips, annual meetups); European origin",2026-07-15,new
maltipoo,Lil' Paws Maltese Rescue,rescue,https://www.lilpaws-malteserescue.org/,email,BigPaws@LilPaws.org,high,no,Maltese/maltipoo + small-dog rescue; email seen on fetched homepage,2026-07-15,new
maltipoo,Maltipoo Rehoming Adoption and Rescue,rescue,https://www.facebook.com/MaltipooRehomingAdoption/,none,https://www.facebook.com/MaltipooRehomingAdoption/,low,yes,USA/Canada maltipoo rehoming; FB-based but functions as the org's site,2026-07-15,new
mini-aussie,Australian Shepherd Lovers,blog,https://www.australian-shepherd-lovers.com/,none,https://www.australian-shepherd-lovers.com/,,yes,"Long-running Aussie enthusiast site with active blog, many mini-aussie posts",2026-07-15,new
mini-aussie,Breezemore,breeder,https://breezemore.com/,email,susan@breezemore.com,high,no,Maine AKC breeder of smaller-size Aussies; owner Susan,2026-07-15,new
mini-aussie,Buckaroo Aussies,breeder,https://buckarooaussies.com/,email,info@buckarooaussies.com,high,yes,Breeder with a Mini Aussie puppy blog (training/care/breeder advice),2026-07-15,new
mini-aussie,Buckwheat Valley Ranch,breeder,https://buckwheatvalleyranch.com/,email,amosstoltzfus83@gmail.com,high,no,Pennsylvania mini-aussie breeder,2026-07-15,new
mini-aussie,Diamond R Mini Aussies,breeder,https://www.diamondrminiaussies.com/,email,diamondrminiaussies@gmail.com,high,no,"Arkansas breeder, 18 years with the breed",2026-07-15,new
mini-aussie,Kicks and Giggles Mini Aussies,breeder,https://kicksandgigglesminiaussies.com/,none,https://kicksandgigglesminiaussies.com/,,yes,Family breeder of mini/small Aussies,2026-07-15,new
mini-aussie,MO Aussies,breeder,https://moaussies.com/,none,https://moaussies.com/,,no,"Missouri family-farm breeder, Good Dog preferred breeder, started 2023",2026-07-15,new
mini-aussie,My Aussie Pups,breeder,https://myaussiepups.com/,email,willis@myaussiepups.com,high,yes,"Breeder with ""Our Aussie Blog"" content section",2026-07-15,new
mini-aussie,Painted Blue Aussies,breeder,https://www.paintedblueaussies.com/,email,PaintedBlueAussies@gmail.com,high,yes,Breeder run by Erika with an active insights/education blog on Aussies + minis,2026-07-15,new
mini-aussie,Run'n Bear Mini Australian Shepherds,breeder,https://www.mini-australian-shepherds.com/,none,https://www.mini-australian-shepherds.com/,,yes,Breeder publishing owner-guide posts (e.g. home setup for a Mini Aussie),2026-07-15,new
mini-aussie,Timeless Aussies,breeder,https://www.timelessaussies.com/,email,timelesskk@me.com,high,no,"Hawaii; 3rd-generation MAS breeder est. 2005, former AKC parent-club leadership",2026-07-15,new
mini-aussie,Warren's Colorado Mini Aussies,breeder,https://warrenscoloradominiaussies.com/,none,https://warrenscoloradominiaussies.com/,,no,Colorado toy + mini Aussie breeder,2026-07-15,new
mini-aussie,MAMASC (Mid America Miniature American Shepherd Club),club,http://www.mamasc.com/,email,mshorse@valornet.com,high,no,"Regional MAS club formed 2008, works alongside MASCUSA",2026-07-15,new
mini-aussie,MASCA (Miniature Australian Shepherd Club of America),club,https://www.masca-online.com/,email,MASCABoard@gmail.com,high,no,Breed parent club for the Mini Aussie; also lists registrar@masca-online.com; has rescue-resources page,2026-07-15,new
mini-aussie,MASCUSA (Miniature American Shepherd Club of the USA),club,https://mascusa.org/,email,info@mascusa.org,high,no,AKC parent club for Miniature American Shepherd (the AKC name for mini aussies); founded 1990,2026-07-15,new
mini-aussie,Aussie Rescue Placement Helpline (ARPH),rescue,https://www.aussierescue.org/,none,https://www.aussierescue.org/,,no,"National Aussie rescue network, covers minis",2026-07-15,new
mini-aussie,Midwest Australian Shepherd Rescue,rescue,https://midwestaustralianshepherdrescue.org/,none,https://midwestaustralianshepherdrescue.org/,,no,Midwest regional Aussie rescue,2026-07-15,new
mini-aussie,Mini Aussie Rescue & Support (MARS),rescue,https://www.miniaussierescue.org/,email,info@miniaussierescue.org,high,no,"First rescue devoted exclusively to Mini Aussies; 501(c)(3), 2000+ dogs rehomed; email seen on MASCA rescue page",2026-07-15,new
mini-aussie,New Spirit 4 Aussie Rescue,rescue,https://www.ns4ar.org/,email,sraussies@gmail.com,high,no,All-volunteer 501(c)(3) serving Aussies + mixes in US and Canada,2026-07-15,new
mini-dachshund,Dachshund Bonus,blog,https://dachshundbonus.com/,none,https://dachshundbonus.com/,low,no,Jenny; general dachshund knowledge blog,2026-07-15,new
mini-dachshund,Dachshund Friends,blog,https://www.dachshundfriends.com/blog/,none,https://www.dachshundfriends.com/blog/,low,yes,First-time sausage-dog-owner blog by a UK owner (Kathryn),2026-07-15,new
mini-dachshund,Dachshund Station,blog,https://www.dachshundstation.com/dachshund-blog/,none,https://www.dachshundstation.com/dachshund-blog/,low,yes,Ava Jaine; training/care/nutrition guides for doxie parents,2026-07-15,new
mini-dachshund,Dachshund Talk,blog,https://dachshundtalk.com/,none,https://dachshundtalk.com/,low,no,Community-style tips/Q&A blog,2026-07-15,new
mini-dachshund,For My Dachshund,blog,https://formydachshund.com/blog/,none,https://formydachshund.com/blog/,low,yes,"""The Dachshund Lady""; FAQ-driven owner advice blog",2026-07-15,new
mini-dachshund,I Love Dachshunds,blog,https://www.ilovedachshunds.com/,none,https://www.ilovedachshunds.com/,low,yes,"Alison Fleming; Q&A-style breed site; runs a ""39 Dachshund Instagrams"" roundup (good hook)",2026-07-15,new
mini-dachshund,You Did What With Your Wiener,blog,https://youdidwhatwithyourweiner.com/,none,https://youdidwhatwithyourweiner.com/,low,yes,"Jessica Rhae, ex-scientist; active/adventure lifestyle doxie blog (hiking, camping); IG 23.4K per Feedspot",2026-07-15,new
mini-dachshund,Longdox Mini Dachshunds,breeder,https://longdox.com/,none,https://longdox.com/,low,no,"Family breeder, Salem OR; English creams + dapples",2026-07-15,new
mini-dachshund,Patti's Dachshund Farm,breeder,https://www.pattisdachshundfarm.com/,none,https://www.pattisdachshundfarm.com/blog/,low,yes,"Alabama mini-dachshund breeder with active blog, ships nationwide",2026-07-15,new
mini-dachshund,Dachshund Health UK,club,https://www.dachshundhealth.org.uk/news,none,https://www.dachshundhealth.org.uk/,low,no,Health & welfare site of the UK Dachshund Breed Council + charity; Ian Seath contributes,2026-07-15,new
mini-dachshund,National Miniature Dachshund Club,club,https://www.nmdcdachshund.org/,form,https://www.nmdcdachshund.org/breeder-directory,high,no,"AKC national parent club for minis; quarterly ""Digest"" newsletter, breeder directory",2026-07-15,new
mini-dachshund,Celebrity Dachshund (Crusoe),media,https://celebritydachshund.com/blogs/crusoe,none,https://celebritydachshund.com/blogs/crusoe,low,no,"Crusoe — 2× NYT-bestselling author dog, ~887K IG; biggest name in the niche",2026-07-15,new
mini-dachshund,DORG — The Dachshund Magazine On-Line,media,https://dachshund.org/,none,https://dachshund.org/,low,no,"Long-running online dachshund magazine, health + rescue focus",2026-07-15,new
mini-dachshund,All American Dachshund Rescue,rescue,https://www.allamericandachshundrescue.org/,none,https://www.allamericandachshundrescue.org/,low,no,National rescue,2026-07-15,new
mini-dachshund,Coast to Coast Dachshund Rescue,rescue,https://www.c2cdr.org/,none,https://www.c2cdr.org/,low,no,National all-volunteer 501(c)3,2026-07-15,new
mini-dachshund,Dachshund Rescue of North America,rescue,https://www.drna.org/,none,https://www.drna.org/,high,no,"501(c)3 national rescue; homepage fetched, no email shown; features 60+ adopter fee waivers",2026-07-15,new
mini-dachshund,Dachshund Rescue of Utah,rescue,https://dachshundrescueofutah.com/,none,https://dachshundrescueofutah.com/,low,no,"DRUT, charity under Pitman Animal Rescue Foundation; FB 9.5K",2026-07-15,new
mini-dachshund,Little Paws Dachshund Rescue,rescue,https://www.littlepawsdr.org/,none,https://www.littlepawsdr.org/,low,no,East-coast US doxie rescue,2026-07-15,new
mini-dachshund,Low Rider Rescue,rescue,https://lowriderrescue.org/blog/,none,https://lowriderrescue.org/,low,no,"Small-dog/doxie rescue; FB 34.6K, IG 11.7K per Feedspot — big social reach",2026-07-15,new
mini-dachshund,Oregon Dachshund Rescue,rescue,https://www.odr-inc.org/,none,https://www.odr-inc.org/,low,no,"No-kill, covers OR/WA/CA",2026-07-15,new
mini-french-bulldog,French Bulldog 101,blog,https://www.frenchbulldog101.com/home/mini-french-bulldogs/,none,https://www.frenchbulldog101.com/,,no,Comprehensive mini Frenchie guide,2026-07-15,new
mini-french-bulldog,FrenchieTails,blog,https://frenchietails.com/mini-french-bulldog-size-price-health-breed-guide/,none,https://frenchietails.com/,,no,Mini Frenchie size/price/health guide,2026-07-15,new
mini-french-bulldog,Happy French Bulldog,blog,https://happyfrenchbulldog.com/mini-french-bulldog/,none,https://happyfrenchbulldog.com/,,no,Mini Frenchie breed guide blog,2026-07-15,new
mini-french-bulldog,The Fluffy Bulldog,blog,https://thefluffybulldog.com/mini-french-bulldog/,none,https://thefluffybulldog.com/,,no,Owner-guide blog with dedicated mini Frenchie guide,2026-07-15,new
mini-french-bulldog,BlueHaven French Bulldogs,breeder,https://bluehavenfrenchbulldogs.com/,none,https://bluehavenfrenchbulldogs.com/,,no,Frenchie breeder surfacing for mini searches,2026-07-15,new
mini-french-bulldog,Designer French Bulldogs,breeder,https://www.designerfrenchbulldogs.com/,none,https://www.designerfrenchbulldogs.com/,,no,Miniature Frenchie breeder/seller,2026-07-15,new
mini-french-bulldog,High Desert French Bulldogs,breeder,https://www.hdfrenchbulldogs.com/,none,https://www.hdfrenchbulldogs.com/,,no,"""World's smallest purebred AKC show Frenchies""; mini + pocket lines",2026-07-15,new
mini-french-bulldog,Lindor French Bulldogs,breeder,https://lindorfrenchbulldogs.com/minis/,none,https://lindorfrenchbulldogs.com/,,no,AKC breeder with dedicated mini program (15–20 lb lines),2026-07-15,new
mini-french-bulldog,MicroFrenchies.com,breeder,https://www.microfrenchies.com/,none,https://www.microfrenchies.com/,,yes,Claims smallest mini Frenchie bloodline; Designer Kennel Club registered; huge IG (see social),2026-07-15,new
mini-french-bulldog,Poetic French Bulldogs,breeder,https://poeticfrenchbulldogs.com/,none,https://poeticfrenchbulldogs.com/,,no,"Breeds smaller, compact Frenchies",2026-07-15,new
mini-french-bulldog,Texas Tiny Frenchies,breeder,https://texastinyfrenchies.com/,none,https://texastinyfrenchies.com/,,no,"European champion-bloodline tiny Frenchies, TX",2026-07-15,new
mini-french-bulldog,TomKings Kennel (mini guide),breeder,https://tomkingskennel.com/mini-french-bulldog/,none,https://tomkingskennel.com/,,no,"Breeder blog post ""should you adopt a mini?"" — also in french-bulldog list",2026-07-15,new
mini-french-bulldog,Rocky Kanaka,media,https://rockykanaka.com/if-youre-considering-a-mini-french-bulldog-read-this-first/,none,https://rockykanaka.com/,,no,Dog-media personality; cautionary mini Frenchie article,2026-07-15,new
mini-french-bulldog,The Happy Puppy Site,media,https://thehappypuppysite.com/mini-french-bulldog/,none,https://thehappypuppysite.com/,,no,Big dog-media site; ranking mini Frenchie guide,2026-07-15,new
mini-golden-retriever,BreedExpert,blog,https://breedexpert.com/a-comprehensive-guide-for-mini-golden-retriever-owners/,none,https://breedexpert.com/,,no,Dog-health blog with mini golden owner guide,2026-07-15,new
mini-golden-retriever,The Mini Golden Retriever,blog,https://theminigoldenretriever.com/blog/,none,https://theminigoldenretriever.com/blog/,,no,Breed-dedicated blog (site fetch timed out; seen in search results),2026-07-15,new
mini-golden-retriever,The Pet Blog Lady,blog,https://petbloglady.com/2025/04/mini-golden-retrievers-101-everything-you-need-to-know.html,none,https://petbloglady.com/,,no,General pet blog with recent (2025) Mini Golden 101 post,2026-07-15,new
mini-golden-retriever,Tiny Golden Retrievers,blog,https://tinygoldens.com/,none,https://tinygoldens.com/,,no,Orange County CA info/referral site — invites questions + referrals to ethical mini golden breeders,2026-07-15,new
mini-golden-retriever,ABCs Puppy Zs,breeder,https://www.abcspuppyzs.com/goldendoodle-blog/miniature-golden-retriever-dogs/,none,https://www.abcspuppyzs.com/,,no,Breeder blog with mini golden article,2026-07-15,new
mini-golden-retriever,Big Hearted Breeders,breeder,https://www.bigheartedbreeders.com/,none,https://www.bigheartedbreeders.com/,,yes,"11-yr mini golden program with active blog (""Ultimate Guide to Mini Golden Retrievers"")",2026-07-15,new
mini-golden-retriever,Escondido Acres Comfort Retrievers,breeder,https://minigoldens4you.com/,none,https://minigoldens4you.com/,,no,Mini golden/comfort retriever specialist; also on FB,2026-07-15,new
mini-golden-retriever,GoldenQuest Comfort Retrievers,breeder,https://comfortretrievers.com/,none,https://comfortretrievers.com/,,no,"Originators of the ""Comfort Retriever"" trademark mini golden; offers trained puppies + lifetime support",2026-07-15,new
mini-golden-retriever,Mini Golden Paradise,breeder,https://www.minigoldenparadise.com/,none,https://www.minigoldenparadise.com/,,no,Ohio farm breeder; phone 567-284-0151 seen in snippet,2026-07-15,new
mini-golden-retriever,Mini Golden Paws,breeder,https://minigoldenpaws.com/,none,https://minigoldenpaws.com/blog/,,yes,"Embark-tested program; blog authored by Jamie Hafen (nutrition, behavior posts)",2026-07-15,new
mini-golden-retriever,Mini Golden Retrievers (Greenville SC),breeder,https://www.minigoldenretrievers.com/,none,https://www.minigoldenretrievers.com/,,no,"Exact-match domain breeder, Greenville SC",2026-07-15,new
mini-golden-retriever,My Golden Retriever Puppies,breeder,https://www.mygoldenretrieverpuppies.com/blog/mini-golden-retrievers-guide,none,https://www.mygoldenretrieverpuppies.com/,,no,NE Ohio breeder network with a big mini-golden guide article,2026-07-15,new
mini-golden-retriever,Pacific Northwest Mini Goldens,breeder,https://pnwminigoldens.com/,none,https://pnwminigoldens.com/,,yes,Small family WA breeder; active on IG + FB (@pnwminigoldens),2026-07-15,new
mini-golden-retriever,Pocket Full of Sunshine Mini Goldens,breeder,https://www.pocketfullofsunshinegoldens.com/,none,https://www.pocketfullofsunshinegoldens.com/,,no,Columbus OH home breeder; matching FB page found,2026-07-15,new
mini-golden-retriever,Robyn's Nest Mini Goldens,breeder,https://robynsnestminigoldens.com/,none,https://robynsnestminigoldens.com/blog/,,yes,SW Missouri; active care/training blog; phone 417-268-5465 seen in snippet,2026-07-15,new
mini-golden-retriever,Taylormade Miniature Golden Retrievers,breeder,https://www.taylormademinigoldens.com/,none,https://www.taylormademinigoldens.com/,,no,"Utah family breeder, 35+ yrs, has blog; owner Michele Taylor",2026-07-15,new
mini-golden-retriever,Devoted to Dog,media,https://devotedtodog.com/miniature-golden-retriever-breeders/,none,https://devotedtodog.com/,,no,"Runs ""Top 7 mini golden breeders"" listicle — natural link target",2026-07-15,new
mini-golden-retriever,We Love Doodles,media,https://welovedoodles.com/mini-golden-retriever-breeders/,none,https://welovedoodles.com/,,no,Designer-breed media site; mini golden breeder roundup (also covers GMD),2026-07-15,new
newfoundland,Love Newfoundlands,blog,https://lovenewfoundlands.com/,form,https://lovenewfoundlands.com/work-with-me/,,yes,"Niki (ND photographer/blogger); has ""Work With Me"" page; meriwethernewfoundlands@gmail.com seen in snippet (her breeding op, med confidence); note a ""End of an Era"" post — check site still active before pitching",2026-07-15,new
newfoundland,My Brown Newfies,blog,https://mybrownnewfies.com/,none,https://mybrownnewfies.com/,,yes,"Well-known personal Newfie blog — care, grooming, training",2026-07-15,new
newfoundland,Newf Nation,blog,https://newfnation.com/,form,https://newfnation.com/,,no,"Brian K. Brown, in Newf community since 2004; ""#1 Resource for Newfoundland Dogs""",2026-07-15,new
newfoundland,Moore Newfies,breeder,https://moorenewfies.net/,none,https://moorenewfies.net/blog/,,no,Breeder with active dog blog,2026-07-15,new
newfoundland,Ozark Legends Newfoundlands,breeder,https://www.ozarklegendsnewfoundlands.com/,none,https://www.ozarklegendsnewfoundlands.com/,,no,"AKC breeder, West Plains MO",2026-07-15,new
newfoundland,Recurve Kennels,breeder,https://www.recurvenewfs.com/,none,https://www.recurvenewfs.com/,,no,"CKC-registered breeder, Mono, Ontario",2026-07-15,new
newfoundland,TimberKnoll Newfoundlands,breeder,https://timberknollnewfoundlands.com/,none,https://timberknollnewfoundlands.com/,,no,"TN breeder, NCA Breeder of Distinction",2026-07-15,new
newfoundland,Genesee Region Newfoundland Club,club,https://www.grnewfdogclub.org/,none,,,no,"NCA regional, NY",2026-07-15,new
newfoundland,Newfoundland Club of America,club,https://www.ncanewfs.org/,none,https://www.ncanewfs.org/,,no,"Parent breed club, founded 1930",2026-07-15,new
newfoundland,Newfoundland Club of New England,club,https://www.newfclubne.org/,form,https://www.newfclubne.org/rescue-and-referral/adopting-a-rescue-newfoundland/,,no,Regional club; also maintains breeders list,2026-07-15,new
newfoundland,Newfoundland Club of Southern California,club,https://newfclubofsocal.org/,form,https://newfclubofsocal.org/newfoundland-dog-rescue/,,no,Regional club + SCNRC rescue corp,2026-07-15,new
newfoundland,North Central Newfoundland Club,club,https://ncnc.wildapricot.org/,none,,,no,NCA regional,2026-07-15,new
newfoundland,Northern Newfoundland Club (UK),club,https://northernnewfoundlandclub.org.uk/,none,https://northernnewfoundlandclub.org.uk/,,no,UK club since 1984,2026-07-15,new
newfoundland,Old West Newfoundland Club,club,https://ownc.org/,form,https://ownc.org/rescue/,,no,Regional club with rescue page,2026-07-15,new
newfoundland,Southern Newfoundland Club (UK),club,https://www.southernnewfoundlandclub.co.uk/,form,https://www.southernnewfoundlandclub.co.uk/sncinfo.asp,,no,"RKC-registered UK club (2008), working/showing/welfare",2026-07-15,new
newfoundland,The Newfoundland Club (UK),club,https://www.thenewfoundlandclub.co.uk/,none,https://www.thenewfoundlandclub.co.uk/index.html,,no,Founded 1886 — one of world's oldest breed clubs,2026-07-15,new
newfoundland,UK Newfoundlands Info,other,https://uknewfoundlands.info/,none,https://uknewfoundlands.info/,,no,"Non-commercial enthusiast database (Paul & Alison Dodd) — pedigrees, UK show/working results",2026-07-15,new
newfoundland,Colonial Newf Rescue,rescue,https://www.colonialnewfrescue.org/,none,https://www.colonialnewfrescue.org/,,no,501c3 covering DC/MD/VA/WV,2026-07-15,new
newfoundland,NCA National Rescue Network,rescue,https://www.ncarescue.org/,none,https://www.ncarescue.org/about.html,,no,National rescue network of the parent club,2026-07-15,new
newfoundland,National Newfoundland Rescue,rescue,https://nationalnewfoundlandrescue.com/,none,https://nationalnewfoundlandrescue.com/us-rescues/,,no,US-wide 501c3 + directory of regional rescues,2026-07-15,new
newfoundland,Newf Rescue (newfrescue.com),rescue,https://www.newfrescue.com/,none,https://www.newfrescue.com/,,no,National rescue listing system since 2000,2026-07-15,new
newfoundland,Newfoundland Rescue of Florida,rescue,https://www.newfoundlandrescuefl.org/,none,https://www.newfoundlandrescuefl.org/,,no,Run by Newfoundland Club of Florida,2026-07-15,new
pomsky,Pomsky Dog Blog,blog,https://pomskydogblog.com/,email,pomskydogblog@gmail.com,high,yes,"Owner-run blog ""by pomsky owners sharing real life experiences"" — ideal quote target",2026-07-15,new
pomsky,A-Dream Pomsky Kennel,breeder,https://adreampomskies.com/,none,https://adreampomskies.com/,,no,Pomsky kennel site,2026-07-15,new
pomsky,Capital Pomsky,breeder,https://www.cappom.com/,email,CapPoms@mail.com,high,no,Pomsky puppies + breeder site,2026-07-15,new
pomsky,JD Pomskies,breeder,https://jdpomskies.com/,none,https://jdpomskies.com/,,no,Family-owned Indiana kennel,2026-07-15,new
pomsky,KP Pomskies,breeder,https://www.kppomskies.com/,email,kppomskies@gmail.com,high,yes,"Indiana breeder near Louisville, OFA DNA tested",2026-07-15,new
pomsky,Monarch Pomskies,breeder,https://monarchpomskies.com/,email,tori@monarchpomskies.com,high,no,Colorado + Indiana breeder; also brian@monarchpomskies.com,2026-07-15,new
pomsky,Once Upon A Pomsky,breeder,https://www.onceuponapomsky.com/,none,https://www.onceuponapomsky.com/,,no,"Georgia state/USDA-licensed, Embark-tested",2026-07-15,new
pomsky,Platinum Pomskies,breeder,https://platinumpomskies.com/,email,platinumpomskies@gmail.com,high,no,"Breeding since 2016, health-tested parents, ENS-raised litters",2026-07-15,new
pomsky,Portland Pomskies,breeder,https://portlandpomskies.com/,email,PortlandPomskies@gmail.com,high,no,Claims founding/longest-standing pomsky breeder,2026-07-15,new
pomsky,Windy City Pomsky,breeder,https://www.windycitypomsky.com/,none,https://www.windycitypomsky.com/,,no,Chicago-area breeder with registration/associations info page,2026-07-15,new
pomsky,American Pomsky Kennel Club (APKC),club,https://americanpomskykennelclub.org/,email,info@americanpomskykennelclub.org,high,no,Nonprofit breed club aiming for AKC recognition; also shows@ + rescue@ addresses; runs adoption/rescue program,2026-07-15,new
pomsky,International Pomsky Association (IPA),club,https://internationalpomskyassociation.wordpress.com/,none,https://internationalpomskyassociation.wordpress.com/,,no,"Founded 2014; registration, pedigree database, breeder mentoring",2026-07-15,new
pomsky,Pomsky Association World Wide (PAWW),club,https://www.paww.dog/,none,https://www.paww.dog/,,no,Worldwide pomsky association,2026-07-15,new
pomsky,Pomsky Owners Association (POA),club,https://pomskyownersassociation.com/,none,https://pomskyownersassociation.com/,,yes,"75+ vetted breeders, owner resources + active blog; big FB presence",2026-07-15,new
pomsky,Pomsky Kennel Club (UK),media,https://pomsky.org.uk/,none,https://pomsky.org.uk/,,no,"UK pomsky site with ""ultimate pomsky guide""",2026-07-15,new
pomsky,Pomsky Wiki,media,https://pomskywiki.com/,none,https://pomskywiki.com/,,no,Breed wiki/info site covering clubs and breed history,2026-07-15,new
pomsky,Pomsky-Info,media,https://pomsky-info.com/,none,https://pomsky-info.com/,,no,Pomsky info site with clubs/breeders directory (US + EU),2026-07-15,new
saint-berdoodle,Your Dog Advisor,blog,https://yourdogadvisor.com/saint-berdoodle/,none,https://yourdogadvisor.com/,,no,Breed-guide blog with dedicated Saint Berdoodle guide,2026-07-15,new
saint-berdoodle,Badlands St. Berdoodles,breeder,https://badlandstberdoodles.com/,none,https://badlandstberdoodles.com/,,no,"Family home breeder in Beach, North Dakota",2026-07-15,new
saint-berdoodle,Best Saint Berdoodles,breeder,https://www.saint-berdoodles.com/,none,https://www.saint-berdoodles.com/,,yes,"Dr. Nathan Crockett, one of the first Saint Berdoodle breeders",2026-07-15,new
saint-berdoodle,Country Manor Saint Berdoodles,breeder,https://countrymanorsaintberdoodles.com/,none,https://countrymanorsaintberdoodles.com/,,no,Ten acres in Sierra Nevada foothills CA; breeds for temperament+health,2026-07-15,new
saint-berdoodle,Crockett Doodles,breeder,https://www.crockettdoodles.com/richmond-saint-berdoodles/,none,https://www.crockettdoodles.com/,,yes,Large home-raised doodle network incl. Saint Berdoodles,2026-07-15,new
saint-berdoodle,Darling St. Bernards & St. Berdoodles,breeder,https://www.darlingstberdoodle.com/,none,https://www.darlingstberdoodle.com/,,no,California; also runs IG @darlingstberdoodle,2026-07-15,new
saint-berdoodle,Doncie Doodles Ohio,breeder,https://www.donciedoodlesohio.com/saint_berdoodles.php,none,https://www.donciedoodlesohio.com/,,no,Ohio breeder with Saint Berdoodle breed-standard page,2026-07-15,new
saint-berdoodle,Karing Hearts Kennels,breeder,https://karingsaintsndoodles.com/,none,https://karingsaintsndoodles.com/,,no,20+ yrs; St. Berdoodles + Newfa Doodles; serves veterans/first responders — good story angle,2026-07-15,new
saint-berdoodle,Mammoth Doodles,breeder,https://www.mammothdoodles.com/,none,https://www.mammothdoodles.com/,,no,Saint Berdoodle breeder,2026-07-15,new
saint-berdoodle,Mason Creek Saint Berdoodles,breeder,https://www.masoncreeksaintberdoodles.com/,none,https://www.masoncreeksaintberdoodles.com/,,yes,"Idaho breeder, health-tested Saint Berdoodles + Sheepadoodles; active IG/FB",2026-07-15,new
saint-berdoodle,Sanders Saint Berdoodle,breeder,https://www.sanderssaintberdoodle.com/,none,https://www.sanderssaintberdoodle.com/,,no,"Family breeding program, F8 Saint Berdoodles",2026-07-15,new
saint-berdoodle,The Saint Berdoodle Haven,breeder,https://www.thesaintberdoodlehaven.com/saintberdoodles,none,https://www.thesaintberdoodlehaven.com/,,no,Saint Berdoodle breeder,2026-07-15,new
saint-berdoodle,DogPack,media,https://www.dogpackapp.com/blog/dog-breeds/saint-berdoodle/,none,https://www.dogpackapp.com/,,no,Dog app with blog; Saint Berdoodle breed profile,2026-07-15,new
saint-berdoodle,We Love Doodles,media,https://welovedoodles.com/,email,support@welovedoodles.com,med,no,Major doodle-niche media; has a full St. Berdoodle guide; contact page at welovedoodles.com/contact/,2026-07-15,new
saint-berdoodle,California Doodle Rescue,rescue,https://www.californiadoodlerescue.org/,none,https://www.californiadoodlerescue.org/,,no,CA doodle/poodle-mix rescue + foster network,2026-07-15,new
saint-berdoodle,Doodle Rock Rescue,rescue,https://doodlerockrescue.org/,none,https://doodlerockrescue.org/,,no,"Dallas TX doodle rescue; has rehomed Saint Berdoodles (e.g. ""Sully"")",2026-07-15,new
saint-berdoodle,IDOG Rescue,rescue,https://www.idogrescue.com/,none,https://www.idogrescue.com/,,no,National 501c3 doodle rescue (Labradoodles/Goldendoodles + mixes),2026-07-15,new
saint-berdoodle,Oodles of Doodles Rescue Collective,rescue,https://oodlesofdoodlesrsq.wordpress.com/,none,https://oodlesofdoodlesrsq.wordpress.com/,,no,"Doodle rescue collective, listing/placing since 2008",2026-07-15,new
saint-berdoodle,Saint Bernard Rescue Foundation,rescue,https://www.saintrescue.org/,none,https://www.saintrescue.org/,,no,National St. Bernard rescue; berdoodle adoptions seen on site,2026-07-15,new
saint-berdoodle,Sunny Saints St. Bernard Rescue,rescue,https://www.sunnysaints.org/,none,https://www.sunnysaints.org/,,no,SoCal Saint Bernard rescue; has taken Berdoodles (Harley Mae),2026-07-15,new
teacup-poodle,Poodle Guru,blog,https://poodleguru.com/teacup-poodles/,form,https://poodleguru.com/contact/,high,no,"Poodle-niche blog with big ""Teacup Poodles: Best Care Guide 2026"" page — direct topical match",2026-07-15,new
teacup-poodle,Baby Poodles,breeder,https://www.babypoodles.com/,none,https://www.babypoodles.com/,low,no,Illinois teacup/tiny-toy/toy breeder,2026-07-15,new
teacup-poodle,Blissful Toy Poodles,breeder,https://blissfultoypoodles.com/,none,https://blissfultoypoodles.com/,low,no,"Teacup/toy/mini breeder, Austin–Bastrop TX area",2026-07-15,new
teacup-poodle,Little Fuzzy Poodles,breeder,https://littlefuzzyteacuppoodles.com/,none,https://littlefuzzyteacuppoodles.com/,low,no,"Toy/tiny-toy/teacup breeder, Grapeland TX; homepage fetched, no email",2026-07-15,new
teacup-poodle,Miniature Poodle Stud and Pups,breeder,https://miniaturepoodlestudandpups.com/,none,https://miniaturepoodlestudandpups.com/,low,no,Teacup + miniature poodle breeder,2026-07-15,new
teacup-poodle,TeacupPoodles.com,breeder,https://teacuppoodles.com/,none,https://teacuppoodles.com/,low,no,Exact-match domain teacup poodle breeder,2026-07-15,new
teacup-poodle,Texas Teacups,breeder,https://www.texasteacups.com/poodle-puppies-for-sale,none,https://www.texasteacups.com/,low,no,Teacup specialty seller with poodle line,2026-07-15,new
teacup-poodle,Tiny Companions,breeder,https://tinycompanions.com/index.html,none,https://tinycompanions.com/,low,no,"Strictly toy/tiny-toy/teacup poodles, West Winfield NY",2026-07-15,new
teacup-poodle,Tiny Cutie Puppies,breeder,https://www.tinycutiepuppies.com/,none,https://www.tinycutiepuppies.com/how-to-care-for-your-teacup-puppy,low,no,Teacup puppy seller with teacup-care content page,2026-07-15,new
teacup-poodle,Tinylatoy Teacup Poodles,breeder,https://tinylatoyteacuppoodles.com/,none,https://tinylatoyteacuppoodles.com/,low,no,Teacup + tiny-toy specialist,2026-07-15,new
teacup-poodle,WB Poodle,breeder,https://www.wbpoodle.com/,none,https://www.wbpoodle.com/,low,no,"Small in-home AKC teacup/tiny-toy breeder, Lafayette TN (also on FB as @WbPoodle)",2026-07-15,new
teacup-poodle,The Poodle Club of San Antonio,club,https://www.thepoodleclubofsanantonio.com/poodle-rescue/,none,https://www.thepoodleclubofsanantonio.com/,low,no,Regional poodle club with rescue arm,2026-07-15,new
teacup-poodle,Dog Academy,media,https://dogacademy.org/breeds/teacup-poodle,none,https://dogacademy.org/,low,no,Breed-guide media site with dedicated teacup poodle page,2026-07-15,new
teacup-poodle,For the Love of Poodles & Pooches,rescue,https://floprva.org/,form,https://floprva.org/contact,high,no,Richmond VA rescue founded 2013 in memory of founder's toy poodles — good personalization hook,2026-07-15,new
teacup-poodle,Mid-Atlantic Poodle Rescue,rescue,https://www.midatlanticpoodlerescue.org/,none,https://www.midatlanticpoodlerescue.org/,low,no,"Regional poodle rescue; homepage fetched, no real email visible",2026-07-15,new
teacup-poodle,Poodle Club of America Rescue Foundation,rescue,http://www.poodleclubofamericarescuefoundationinc.org/,none,http://www.poodleclubofamericarescuefoundationinc.org/,low,no,Nationwide poodle rescue/rehab foundation,2026-07-15,new
teacup-poodle,Poodle Rescue of New England,rescue,https://www.poodlerescuene.org/,email,poodlerescue@poodlerescuene.org,high,no,501c3 poodle rescue; email seen on fetched homepage,2026-07-15,new
toy-aussie,Toy Aussie Dog,blog,https://toyaussiedog.com/,form,https://toyaussiedog.com/contact/,,no,Breed-dedicated info blog (comprehensive toy-aussie guides),2026-07-15,new
toy-aussie,Best Little Aussies,breeder,https://www.bestlittleaussies.com/,email,bestlittleaussies@gmail.com,high,no,"Toy/mini Aussie site ""find the best little Aussie for you""",2026-07-15,new
toy-aussie,Brat Aussies,breeder,https://www.brataussies.com/,none,https://www.brataussies.com/,,no,Weatherford TX; health-tested champion-pedigree toy/mini Aussies,2026-07-15,new
toy-aussie,Flying Walker Toy Aussies,breeder,https://www.flyingwalkertoyaussies.com/,email,kary@flyingwalkerranch.com,high,yes,Montana ranch-raised toy Aussies; owner Kary is a vet tech,2026-07-15,new
toy-aussie,Hughes Toys,breeder,https://toyminiaussies.com/,email,mjehughes@gmail.com,high,no,Portland OR area; breeding toy + mini Aussies for 30+ years,2026-07-15,new
toy-aussie,Keldrew Ranch,breeder,https://keldrewranch.com/,none,https://keldrewranch.com/,,yes,NW Arkansas hobby breeder showing AKC/ASDR mini + toy Aussies; also on FB,2026-07-15,new
toy-aussie,Ledbetter Aussie Farm,breeder,https://www.ledbetteraussiefarm.com/,none,https://www.ledbetteraussiefarm.com/,,no,Mini + toy Aussie puppies,2026-07-15,new
toy-aussie,Magical Toy Aussies,breeder,https://www.magicaltoyaussies.com/,email,magicaltoyaussies@gmail.com,high,yes,New York toy + mini Aussie breeder,2026-07-15,new
toy-aussie,Marlowin Aussies,breeder,https://marlowinaussies.com/,none,https://marlowinaussies.com/,,no,Toy-aussie breeder with care-guide blog posts,2026-07-15,new
toy-aussie,Minikin Manor,breeder,https://www.minikinmanor.com/,email,Minikinmanor@gmail.com,high,no,Texas mini + toy Aussie breeder,2026-07-15,new
toy-aussie,Southern Toy Shepherds,breeder,https://www.southerntoyshepherds.com/,email,southerntoyshepherds@gmail.com,high,no,"South Carolina; genetically-tested toy Aussies, publishes training-guide blog",2026-07-15,new
toy-aussie,Sunset Hill Aussies,breeder,https://www.sunsethillminiaussies.org/,email,hello@sunsethillminiaussies.org,high,no,"Family-raised Mini American Shepherds, health-tested, lifelong support",2026-07-15,new
vizsla,It's A Vizsla Thing,blog,http://vizslathing.blogspot.com/,form,http://vizslathing.blogspot.com/p/about.html,,no,Bay Area owner blog (Captain the Vizsla),2026-07-15,new
vizsla,Redbirddog blog,blog,http://redbirddog.blogspot.com/,none,http://redbirddog.blogspot.com/,,yes,"Long-running Hungarian pointer blog (2006–2021, still up as ""Vizsla Grandparents"")",2026-07-15,new
vizsla,Pivot Kennels,breeder,https://www.pivotkennels.com/,none,https://www.pivotkennels.com/blog,,no,Wirehaired vizsla kennel with info blog,2026-07-15,new
vizsla,Rhapsody Vizslas,breeder,https://www.rhapsodyvizslas.com/,none,https://www.rhapsodyvizslas.com/about,,no,AKC Breeder of Merit; 2024 Westminster BOB winner — strong personalization hook,2026-07-15,new
vizsla,Silvestre Hungarian Vizslas,breeder,https://www.silvestrehungarianvizsla.com/,none,https://www.silvestrehungarianvizsla.com/blog,,no,Show-dog team (Rachel & Darryl Savage) with active blog,2026-07-15,new
vizsla,Central Wisconsin Vizsla Club,club,https://www.cwvc.org,email,cwvcweb@gmail.com,high,no,,2026-07-15,new
vizsla,Conestoga Vizsla Club,club,https://www.cvcweb.org,email,vizslaangel@gmail.com,high,no,covers DE/MD/VA,2026-07-15,new
vizsla,Connecticut Valley Vizsla Club,club,https://ctvalleyvizslaclub.com,email,pamperedchic@gmail.com,high,no,,2026-07-15,new
vizsla,Gateway Vizsla Club,club,https://gatewayvizslaclub.com,email,jazzberryvizslafun@gmail.com,high,no,MO,2026-07-15,new
vizsla,Hungarian Vizsla Club (UK),club,https://www.hungarianvizslaclub.org.uk/,form,https://www.hungarianvizslaclub.org.uk/about-2/,,no,"Oldest UK vizsla org (1968), KC-recognized",2026-07-15,new
vizsla,Hungarian Vizsla Society (UK),club,https://www.vizsla.org.uk/,form,https://www.vizsla.org.uk/about-us/,,no,"UK society since 1972, ~1000 members, shows + field trials",2026-07-15,new
vizsla,Hungarian Wire-Haired Vizsla Club of GB,club,https://hwvc.org.uk/,none,https://hwvc.org.uk/,,no,UK wirehaired breed club,2026-07-15,new
vizsla,Hungarian Wirehaired Vizsla Association (UK),club,http://www.hwva.org.uk/,none,http://www.hwva.org.uk/,,no,UK wirehaired vizsla association,2026-07-15,new
vizsla,Keystone Vizsla Club of Pennsylvania,club,https://www.keystonevizslaclub.org,email,secretary@keystonevizslaclub.org,high,no,,2026-07-15,new
vizsla,Miami Valley Vizsla Club,club,http://www.mvvc.org,email,goosielu@gmail.com,high,no,OH,2026-07-15,new
vizsla,Old Dominion Vizsla Club,club,https://odvc.weebly.com,email,grace.anne.lawson@gmail.com,high,no,VA,2026-07-15,new
vizsla,Puget Sound Vizsla Club,club,https://www.pugetsoundvizsla.net,email,riversidevizslas@gmail.com,high,no,WA,2026-07-15,new
vizsla,Rio Salado Vizsla Club,club,http://www.rsvc.net/,email,contact@rsvc.net,high,no,AZ (all vizsla emails below from fetched VCA directory table),2026-07-15,new
vizsla,Rocky Mountain Vizsla Club,club,https://rmvcvizsla.com,email,eksparrow@gmail.com,high,no,,2026-07-15,new
vizsla,South Coast Vizsla Club,club,https://www.southcoastvizslaclub.org/,form,https://www.southcoastvizslaclub.org/vizsla-rescue,,no,"SoCal regional club, runs Vizsla Rescue SoCal",2026-07-15,new
vizsla,Tampa Bay Vizsla Club,club,http://tampabayvizslaclub.com,email,dneg5@aol.com,high,no,,2026-07-15,new
vizsla,Texas Gulf Coast Vizsla Club,club,https://www.tgcvizslaclub.com,email,TGCVizslaClub@gmail.com,high,no,,2026-07-15,new
vizsla,Trail's End Vizsla Club of Oregon,club,https://www.tevco.org,email,lzepp@ykwc.net,high,no,,2026-07-15,new
vizsla,Trinity Valley Vizsla Club,club,https://tvvc.org,email,rozsavizsla@yahoo.com,high,no,TX,2026-07-15,new
vizsla,Twin Cities Vizsla Club,club,https://tcvc.org,email,nash@centurylink.net,high,no,,2026-07-15,new
vizsla,Vizsla Club of America,club,https://vcaweb.org/,email,vcarescue@gmail.com,med,no,"National parent club; blog + ""Vizsla News""; rescue email seen in search snippet",2026-07-15,new
vizsla,Vizsla Club of Central New England,club,https://www.vccne.net,email,correspondingsecretary@vccne.net,high,no,covers MA/ME/NH/VT,2026-07-15,new
vizsla,Vizsla Club of Colorado,club,https://www.vizslaclubcolorado.org/,email,waldent@earthlink.net,high,no,,2026-07-15,new
vizsla,Vizsla Club of Greater New York,club,http://www.thevcgny.com,email,flopete4@aol.com,high,no,,2026-07-15,new
vizsla,Vizsla Club of Illinois,club,http://www.vizslaclubofillinois.org/wp,email,mchale2080@att.net,high,no,,2026-07-15,new
vizsla,Vizsla Club of Metro Atlanta,club,http://atlantavizsla.org,email,taniacampbell@att.net,high,no,,2026-07-15,new
vizsla,Vizsla Club of Michigan,club,https://vizslaclubofmichigan.org,email,themasserants@hotmail.com,high,no,,2026-07-15,new
vizsla,Vizsla Club of Northern California,club,https://www.vcnc.net/,form,https://www.vcnc.net/vizsla-rescue,,no,Regional club + rescue,2026-07-15,new
vizsla,Vizsla Club of the Carolinas,club,http://www.carolinavizsla.org,email,meeshporf@gmail.com,high,no,NC/SC,2026-07-15,new
vizsla,Hungarian Vizsla Forums,other,https://www.vizslaforums.com/,none,https://www.vizslaforums.com/,,no,Active owner forum community,2026-07-15,new
vizsla,Colorado/Wyoming Vizsla Rescue Group,rescue,https://www.coloradovizsla.org/,none,https://www.coloradovizsla.org/,,no,501c3 since 2007,2026-07-15,new
vizsla,Midwest Vizsla Rescue,rescue,https://www.midwestvizslarescue.org/,none,https://www.midwestvizslarescue.org/,,no,"501(c)3, Midwest US",2026-07-15,new
vizsla,New Hope Vizsla Rescue,rescue,https://newhopevizslarescue.org/,none,https://newhopevizslarescue.org/,,no,"PA-based, serves PA/NJ/DE/MD, since 2010",2026-07-15,new
vizsla,Santa Barbara Vizsla Rescue,rescue,https://www.santabarbaravizslarescue.com/,none,https://www.santabarbaravizslarescue.com/,,no,Central-coast CA 501(c)3,2026-07-15,new
vizsla,Southern California Vizsla Rescue,rescue,https://www.socalvizslarescue.org/,none,https://www.socalvizslarescue.org/,,no,VCA-recognized SoCal rescue,2026-07-15,new
vizsla,Utah/Idaho Vizsla Rescue,rescue,https://www.utahvizsla.org/,none,https://www.utahvizsla.org/,,no,"Volunteer 501(c)3, also AZ/OR/WA/MT",2026-07-15,new
vizsla,Vizsla Welfare Charity (UK),rescue,https://vizslawelfare.org.uk/,none,https://vizslawelfare.org.uk/,,no,UK welfare/rehoming charity,2026-07-15,new
